"Day ","Items ","Note ","Amount "
"90","Human Resource Expense","Counselled","2000"
"90","Human Resource Expense","Counselled","2000"
"90","Human Resource Expense","Counselled","2000"
"90","Salary Expense","Cash Payment - Salary Expense","42722"
"90","Maintenance Expense","Cash Payment - Maintenance periodic Machine ID: 340","15000"
"90","Rental Expense","Cash Payment - Rental - Los Angeles","1080"
"90","Rental Expense","Cash Payment - Rental - New York","4020"
"90","Rental Expense","Cash Payment - Rental - Miami","4200"
"90","Overflow Expense - Retail","Cash Payment - Overflow Fee  - Detroit","1148"
"90","Rental Expense","Cash Payment - Rental - Detroit","1000"
"90","Overflow Expense - Retail","Cash Payment - Overflow Fee  - Chicago","1312"
"90","Rental Expense","Cash Payment - Rental - Chicago","1480"
"90","Rental Expense","Cash Payment - Rental - Washington, D.C.","2440"
"90","Rental Expense","Cash Payment - Rental - San Francisco","2240"
"89","Human Resource Expense","Attended Training","15000"
"89","Human Resource Expense","Counselled","2000"
"89","Human Resource Expense","Counselled","2000"
"89","Salary Expense","Cash Payment - Salary Expense","42630"
"89","Rental Expense","Cash Payment - Rental - Los Angeles","1080"
"89","Rental Expense","Cash Payment - Rental - New York","4020"
"89","Rental Expense","Cash Payment - Rental - Miami","4200"
"89","Overflow Expense - Retail","Cash Payment - Overflow Fee  - Detroit","1204"
"89","Rental Expense","Cash Payment - Rental - Detroit","1000"
"89","Overflow Expense - Retail","Cash Payment - Overflow Fee  - Chicago","1435"
"89","Rental Expense","Cash Payment - Rental - Chicago","1480"
"89","Rental Expense","Cash Payment - Rental - Washington, D.C.","2440"
"89","Rental Expense","Cash Payment - Rental - San Francisco","2240"
"88","Human Resource Expense","Counselled","2000"
"88","Human Resource Expense","Attended Training","15000"
"88","Marketing Expense","Cash Payment - Marketing Report Subscription","20000"
"88","Salary Expense","Cash Payment - Salary Expense","42538"
"88","Depreciation Expense","Non-Cash Expense - Depreciation","5000"
"88","Rental Expense","Cash Payment - Rental - Los Angeles","1080"
"88","Rental Expense","Cash Payment - Rental - New York","4020"
"88","Rental Expense","Cash Payment - Rental - Miami","4200"
"88","Overflow Expense - Retail","Cash Payment - Overflow Fee  - Detroit","1260"
"88","Rental Expense","Cash Payment - Rental - Detroit","1000"
"88","Overflow Expense - Retail","Cash Payment - Overflow Fee  - Chicago","1599"
"88","Rental Expense","Cash Payment - Rental - Chicago","1480"
"88","Rental Expense","Cash Payment - Rental - Washington, D.C.","2440"
"88","Rental Expense","Cash Payment - Rental - San Francisco","2240"
"87","Human Resource Expense","Counselled","2000"
"87","Human Resource Expense","Counselled","2000"
"87","Human Resource Expense","Attended Training","15000"
"87","Marketing Expense","Cash Payment - Marketing Report Subscription","20000"
"87","Salary Expense","Cash Payment - Salary Expense","42538"
"87","Depreciation Expense","Non-Cash Expense - Depreciation","10000"
"87","Rental Expense","Cash Payment - Rental - Los Angeles","1080"
"87","Rental Expense","Cash Payment - Rental - New York","4020"
"87","Rental Expense","Cash Payment - Rental - Miami","4200"
"87","Overflow Expense - Retail","Cash Payment - Overflow Fee  - Detroit","1344"
"87","Rental Expense","Cash Payment - Rental - Detroit","1000"
"87","Overflow Expense - Retail","Cash Payment - Overflow Fee  - Chicago","1722"
"87","Rental Expense","Cash Payment - Rental - Chicago","1480"
"87","Rental Expense","Cash Payment - Rental - Washington, D.C.","2440"
"87","Rental Expense","Cash Payment - Rental - San Francisco","2240"
"86","Marketing Expense","Cash Payment - Marketing Report Subscription","20000"
"86","Salary Expense","Cash Payment - Salary Expense","42412"
"86","Maintenance Expense","Cash Payment - Maintenance periodic Machine ID: 381","15000"
"86","Depreciation Expense","Non-Cash Expense - Depreciation","15000"
"86","Rental Expense","Cash Payment - Rental - Los Angeles","1080"
"86","Rental Expense","Cash Payment - Rental - New York","4020"
"86","Rental Expense","Cash Payment - Rental - Miami","4200"
"86","Overflow Expense - Retail","Cash Payment - Overflow Fee  - Detroit","1400"
"86","Rental Expense","Cash Payment - Rental - Detroit","1000"
"86","Overflow Expense - Retail","Cash Payment - Overflow Fee  - Chicago","1845"
"86","Rental Expense","Cash Payment - Rental - Chicago","1480"
"86","Rental Expense","Cash Payment - Rental - Washington, D.C.","2440"
"86","Rental Expense","Cash Payment - Rental - San Francisco","2240"
"85","Human Resource Expense","Attended Training","15000"
"85","Human Resource Expense","Attended Training","15000"
"85","Human Resource Expense","Attended Training","15000"
"85","Human Resource Expense","Counselled","2000"
"85","Marketing Expense","Cash Payment - Marketing Report Subscription","20000"
"85","Salary Expense","Cash Payment - Salary Expense","42387"
"85","Maintenance Expense","Cash Payment - Maintenance periodic Machine ID: 340","15000"
"85","Maintenance Expense","Cash Payment - Maintenance periodic Machine ID: 387","15000"
"85","Depreciation Expense","Non-Cash Expense - Depreciation","25000"
"85","Rental Expense","Cash Payment - Rental - Los Angeles","1080"
"85","Rental Expense","Cash Payment - Rental - New York","4020"
"85","Rental Expense","Cash Payment - Rental - Miami","4200"
"85","Overflow Expense - Retail","Cash Payment - Overflow Fee  - Detroit","1456"
"85","Rental Expense","Cash Payment - Rental - Detroit","1000"
"85","Overflow Expense - Retail","Cash Payment - Overflow Fee  - Chicago","2009"
"85","Rental Expense","Cash Payment - Rental - Chicago","1480"
"85","Rental Expense","Cash Payment - Rental - Washington, D.C.","2440"
"85","Rental Expense","Cash Payment - Rental - San Francisco","2240"
"84","Human Resource Expense","Attended Training","15000"
"84","Human Resource Expense","Counselled","2000"
"84","Marketing Expense","Cash Payment - Marketing Report Subscription","20000"
"84","Salary Expense","Cash Payment - Salary Expense","42299"
"84","Shipping Expense","Cash Payment - Shipping Expense - WEB SO : 14984","11"
"84","Maintenance Expense","Cash Payment - Maintenance periodic Machine ID: 368","15000"
"84","Maintenance Expense","Cash Payment - Maintenance periodic Machine ID: 371","15000"
"84","Depreciation Expense","Non-Cash Expense - Depreciation","30000"
"84","Rental Expense","Cash Payment - Rental - Los Angeles","1080"
"84","Rental Expense","Cash Payment - Rental - New York","4020"
"84","Rental Expense","Cash Payment - Rental - Miami","4200"
"84","Overflow Expense - Retail","Cash Payment - Overflow Fee  - Detroit","1540"
"84","Rental Expense","Cash Payment - Rental - Detroit","1000"
"84","Overflow Expense - Retail","Cash Payment - Overflow Fee  - Chicago","2132"
"84","Rental Expense","Cash Payment - Rental - Chicago","1480"
"84","Rental Expense","Cash Payment - Rental - Washington, D.C.","2440"
"84","Rental Expense","Cash Payment - Rental - San Francisco","2240"
"83","Human Resource Expense","Attended Training","15000"
"83","Marketing Expense","Cash Payment - Marketing Report Subscription","20000"
"83","Salary Expense","Cash Payment - Salary Expense","42160"
"83","Maintenance Expense","Cash Payment - Maintenance periodic Machine ID: 365","15000"
"83","Depreciation Expense","Non-Cash Expense - Depreciation","35000"
"83","Rental Expense","Cash Payment - Rental - Los Angeles","1080"
"83","Rental Expense","Cash Payment - Rental - New York","4020"
"83","Rental Expense","Cash Payment - Rental - Miami","4200"
"83","Overflow Expense - Retail","Cash Payment - Overflow Fee  - Detroit","1624"
"83","Rental Expense","Cash Payment - Rental - Detroit","1000"
"83","Overflow Expense - Retail","Cash Payment - Overflow Fee  - Chicago","2296"
"83","Rental Expense","Cash Payment - Rental - Chicago","1480"
"83","Rental Expense","Cash Payment - Rental - Washington, D.C.","2440"
"83","Rental Expense","Cash Payment - Rental - San Francisco","2240"
"82","Human Resource Expense","Attended Training","15000"
"82","Human Resource Expense","Counselled","2000"
"82","Marketing Expense","Cash Payment - Marketing Report Subscription","20000"
"82","Salary Expense","Cash Payment - Salary Expense","42116"
"82","Depreciation Expense","Non-Cash Expense - Depreciation","40000"
"82","Rental Expense","Cash Payment - Rental - Los Angeles","1080"
"82","Rental Expense","Cash Payment - Rental - New York","4020"
"82","Rental Expense","Cash Payment - Rental - Miami","4200"
"82","Rental Expense","Cash Payment - Rental - Detroit","1000"
"82","Overflow Expense - Retail","Cash Payment - Overflow Fee  - Chicago","2419"
"82","Rental Expense","Cash Payment - Rental - Chicago","1480"
"82","Rental Expense","Cash Payment - Rental - Washington, D.C.","2440"
"82","Rental Expense","Cash Payment - Rental - San Francisco","2240"
"81","Marketing Expense","Cash Payment - Marketing Report Subscription","20000"
"81","Salary Expense","Cash Payment - Salary Expense","41570"
"81","Depreciation Expense","Non-Cash Expense - Depreciation","40000"
"81","Overflow Expense - Retail","Cash Payment - Overflow Fee  - Los Angeles","416"
"81","Rental Expense","Cash Payment - Rental - Los Angeles","1080"
"81","Rental Expense","Cash Payment - Rental - New York","4020"
"81","Rental Expense","Cash Payment - Rental - Miami","4200"
"81","Rental Expense","Cash Payment - Rental - Detroit","1000"
"81","Rental Expense","Cash Payment - Rental - Chicago","1480"
"81","Rental Expense","Cash Payment - Rental - Washington, D.C.","2440"
"81","Rental Expense","Cash Payment - Rental - San Francisco","2240"
"80","Human Resource Expense","Attended Training","15000"
"80","Human Resource Expense","Attended Training","15000"
"80","Human Resource Expense","Attended Training","15000"
"80","Marketing Expense","Cash Payment - Marketing Report Subscription","20000"
"80","Salary Expense","Cash Payment - Salary Expense","40670"
"80","Maintenance Expense","Cash Payment - Maintenance periodic Machine ID: 340","15000"
"80","Depreciation Expense","Non-Cash Expense - Depreciation","40000"
"80","Rental Expense","Cash Payment - Rental - Los Angeles","1080"
"80","Rental Expense","Cash Payment - Rental - New York","4020"
"80","Overflow Expense - Warehouse","Cash Payment - Overflow Fee - Miami","252"
"80","Rental Expense","Cash Payment - Rental - Miami","4200"
"80","Rental Expense","Cash Payment - Rental - Detroit","1000"
"80","Rental Expense","Cash Payment - Rental - Chicago","1480"
"80","Rental Expense","Cash Payment - Rental - Washington, D.C.","2440"
"80","Rental Expense","Cash Payment - Rental - San Francisco","2240"
"79","Marketing Expense","Cash Payment - Marketing Report Subscription","20000"
"79","Salary Expense","Cash Payment - Salary Expense","40582"
"79","Maintenance Expense","Cash Payment - Maintenance periodic Machine ID: 371","15000"
"79","Depreciation Expense","Non-Cash Expense - Depreciation","40000"
"79","Overflow Expense - Retail","Cash Payment - Overflow Fee  - Los Angeles","192"
"79","Rental Expense","Cash Payment - Rental - Los Angeles","1080"
"79","Rental Expense","Cash Payment - Rental - New York","4020"
"79","Rental Expense","Cash Payment - Rental - Miami","4200"
"79","Rental Expense","Cash Payment - Rental - Detroit","1000"
"79","Rental Expense","Cash Payment - Rental - Chicago","1480"
"79","Rental Expense","Cash Payment - Rental - Washington, D.C.","2440"
"79","Rental Expense","Cash Payment - Rental - San Francisco","2240"
"78","Human Resource Expense","Counselled","2000"
"78","Human Resource Expense","Counselled","2000"
"78","Marketing Expense","Cash Payment - Marketing Report Subscription","20000"
"78","Marketing Expense","Cash Payment - Marketing - Los Angeles - Sparkling Wine","1000"
"78","Marketing Expense","Cash Payment - Marketing - Los Angeles - Red Wine","1000"
"78","Marketing Expense","Cash Payment - Marketing - Los Angeles - White Wine","1000"
"78","Salary Expense","Cash Payment - Salary Expense","40494"
"78","Depreciation Expense","Non-Cash Expense - Depreciation","40000"
"78","Overflow Expense - Retail","Cash Payment - Overflow Fee  - Los Angeles","768"
"78","Rental Expense","Cash Payment - Rental - Los Angeles","1080"
"78","Overflow Expense - Retail","Cash Payment - Overflow Fee  - New York","426"
"78","Rental Expense","Cash Payment - Rental - New York","4020"
"78","Rental Expense","Cash Payment - Rental - Miami","4200"
"78","Rental Expense","Cash Payment - Rental - Detroit","1000"
"78","Rental Expense","Cash Payment - Rental - Chicago","1480"
"78","Rental Expense","Cash Payment - Rental - Washington, D.C.","2440"
"78","Rental Expense","Cash Payment - Rental - San Francisco","2240"
"77","Marketing Expense","Cash Payment - Marketing Report Subscription","20000"
"77","Marketing Expense","Cash Payment - Marketing - Los Angeles - Sparkling Wine","1000"
"77","Marketing Expense","Cash Payment - Marketing - Los Angeles - Red Wine","1000"
"77","Marketing Expense","Cash Payment - Marketing - Los Angeles - White Wine","1000"
"77","Salary Expense","Cash Payment - Salary Expense","40494"
"77","Maintenance Expense","Cash Payment - Maintenance periodic Machine ID: 378","15000"
"77","Maintenance Expense","Cash Payment - Maintenance periodic Machine ID: 381","15000"
"77","Maintenance Expense","Cash Payment - Maintenance periodic Machine ID: 384","15000"
"77","Depreciation Expense","Non-Cash Expense - Depreciation","40000"
"77","Overflow Expense - Retail","Cash Payment - Overflow Fee  - Los Angeles","1472"
"77","Rental Expense","Cash Payment - Rental - Los Angeles","1080"
"77","Overflow Expense - Retail","Cash Payment - Overflow Fee  - New York","2485"
"77","Rental Expense","Cash Payment - Rental - New York","4020"
"77","Rental Expense","Cash Payment - Rental - Miami","4200"
"77","Rental Expense","Cash Payment - Rental - Detroit","1000"
"77","Rental Expense","Cash Payment - Rental - Chicago","1480"
"77","Rental Expense","Cash Payment - Rental - Washington, D.C.","2440"
"77","Rental Expense","Cash Payment - Rental - San Francisco","2240"
"76","Human Resource Expense","Counselled","2000"
"76","Marketing Expense","Cash Payment - Marketing Report Subscription","20000"
"76","Marketing Expense","Cash Payment - Marketing - Los Angeles - Sparkling Wine","1000"
"76","Marketing Expense","Cash Payment - Marketing - Los Angeles - Red Wine","1000"
"76","Marketing Expense","Cash Payment - Marketing - Los Angeles - White Wine","1000"
"76","Salary Expense","Cash Payment - Salary Expense","40374"
"76","Maintenance Expense","Cash Payment - Maintenance periodic Machine ID: 387","15000"
"76","Depreciation Expense","Non-Cash Expense - Depreciation","40000"
"76","Overflow Expense - Retail","Cash Payment - Overflow Fee  - Los Angeles","1600"
"76","Rental Expense","Cash Payment - Rental - Los Angeles","1080"
"76","Overflow Expense - Retail","Cash Payment - Overflow Fee  - New York","2840"
"76","Rental Expense","Cash Payment - Rental - New York","4020"
"76","Rental Expense","Cash Payment - Rental - Miami","4200"
"76","Overflow Expense - Retail","Cash Payment - Overflow Fee  - Detroit","784"
"76","Rental Expense","Cash Payment - Rental - Detroit","1000"
"76","Rental Expense","Cash Payment - Rental - Chicago","1480"
"76","Rental Expense","Cash Payment - Rental - Washington, D.C.","2440"
"76","Rental Expense","Cash Payment - Rental - San Francisco","2240"
"75","Human Resource Expense","Counselled","2000"
"75","Human Resource Expense","Counselled","2000"
"75","Marketing Expense","Cash Payment - Marketing Report Subscription","20000"
"75","Marketing Expense","Cash Payment - Marketing - Los Angeles - Sparkling Wine","1000"
"75","Marketing Expense","Cash Payment - Marketing - Los Angeles - Red Wine","1000"
"75","Marketing Expense","Cash Payment - Marketing - Los Angeles - White Wine","1000"
"75","Salary Expense","Cash Payment - Salary Expense","40351"
"75","Shipping Expense","Cash Payment - Shipping Expense - WEB SO : 12897","27"
"75","Maintenance Expense","Cash Payment - Maintenance periodic Machine ID: 340","15000"
"75","Maintenance Expense","Cash Payment - Maintenance periodic Machine ID: 368","15000"
"75","Depreciation Expense","Non-Cash Expense - Depreciation","40000"
"75","Overflow Expense - Retail","Cash Payment - Overflow Fee  - Los Angeles","1760"
"75","Rental Expense","Cash Payment - Rental - Los Angeles","1080"
"75","Overflow Expense - Retail","Cash Payment - Overflow Fee  - New York","3124"
"75","Rental Expense","Cash Payment - Rental - New York","4020"
"75","Rental Expense","Cash Payment - Rental - Miami","4200"
"75","Overflow Expense - Retail","Cash Payment - Overflow Fee  - Detroit","812"
"75","Rental Expense","Cash Payment - Rental - Detroit","1000"
"75","Rental Expense","Cash Payment - Rental - Chicago","1480"
"75","Rental Expense","Cash Payment - Rental - Washington, D.C.","2440"
"75","Rental Expense","Cash Payment - Rental - San Francisco","2240"
"74","Marketing Expense","Cash Payment - Marketing Report Subscription","20000"
"74","Marketing Expense","Cash Payment - Marketing - Los Angeles - Sparkling Wine","1000"
"74","Marketing Expense","Cash Payment - Marketing - Los Angeles - Red Wine","1000"
"74","Marketing Expense","Cash Payment - Marketing - Los Angeles - White Wine","1000"
"74","Salary Expense","Cash Payment - Salary Expense","40269"
"74","Shipping Expense","Cash Payment - Shipping Expense - WEB SO : 13098","50"
"74","Shipping Expense","Cash Payment - Shipping Expense - WEB SO : 13103","92"
"74","Maintenance Expense","Cash Payment - Maintenance periodic Machine ID: 365","15000"
"74","Maintenance Expense","Cash Payment - Maintenance periodic Machine ID: 371","15000"
"74","Depreciation Expense","Non-Cash Expense - Depreciation","40000"
"74","Overflow Expense - Retail","Cash Payment - Overflow Fee  - Los Angeles","1888"
"74","Rental Expense","Cash Payment - Rental - Los Angeles","1080"
"74","Overflow Expense - Retail","Cash Payment - Overflow Fee  - New York","639"
"74","Rental Expense","Cash Payment - Rental - New York","4020"
"74","Rental Expense","Cash Payment - Rental - Miami","4200"
"74","Overflow Expense - Retail","Cash Payment - Overflow Fee  - Detroit","924"
"74","Rental Expense","Cash Payment - Rental - Detroit","1000"
"74","Rental Expense","Cash Payment - Rental - Chicago","1480"
"74","Rental Expense","Cash Payment - Rental - Washington, D.C.","2440"
"74","Rental Expense","Cash Payment - Rental - San Francisco","2240"
"73","Marketing Expense","Cash Payment - Marketing Report Subscription","20000"
"73","Marketing Expense","Cash Payment - Marketing - Los Angeles - Sparkling Wine","1000"
"73","Marketing Expense","Cash Payment - Marketing - Los Angeles - Red Wine","1000"
"73","Marketing Expense","Cash Payment - Marketing - Los Angeles - White Wine","1000"
"73","Salary Expense","Cash Payment - Salary Expense","40138"
"73","Shipping Expense","Cash Payment - Shipping Expense - WEB SO : 12864","159"
"73","Shipping Expense","Cash Payment - Shipping Expense - WEB SO : 12902","16"
"73","Shipping Expense","Cash Payment - Shipping Expense - WEB SO : 12906","101"
"73","Shipping Expense","Cash Payment - Shipping Expense - WEB SO : 12908","116"
"73","Depreciation Expense","Non-Cash Expense - Depreciation","40000"
"73","Overflow Expense - Retail","Cash Payment - Overflow Fee  - Los Angeles","2048"
"73","Rental Expense","Cash Payment - Rental - Los Angeles","1080"
"73","Overflow Expense - Retail","Cash Payment - Overflow Fee  - New York","994"
"73","Rental Expense","Cash Payment - Rental - New York","4020"
"73","Rental Expense","Cash Payment - Rental - Miami","4200"
"73","Overflow Expense - Retail","Cash Payment - Overflow Fee  - Detroit","1008"
"73","Rental Expense","Cash Payment - Rental - Detroit","1000"
"73","Rental Expense","Cash Payment - Rental - Chicago","1480"
"73","Rental Expense","Cash Payment - Rental - Washington, D.C.","2440"
"73","Rental Expense","Cash Payment - Rental - San Francisco","2240"
"72","Human Resource Expense","Attended Training","15000"
"72","Human Resource Expense","Attended Training","15000"
"72","Marketing Expense","Cash Payment - Marketing Report Subscription","20000"
"72","Salary Expense","Cash Payment - Salary Expense","40096"
"72","Shipping Expense","Cash Payment - Shipping Expense - WEB SO : 12721","306"
"72","Shipping Expense","Cash Payment - Shipping Expense - WEB SO : 12725","183"
"72","Depreciation Expense","Non-Cash Expense - Depreciation","40000"
"72","Overflow Expense - Retail","Cash Payment - Overflow Fee  - Los Angeles","2400"
"72","Rental Expense","Cash Payment - Rental - Los Angeles","1080"
"72","Overflow Expense - Retail","Cash Payment - Overflow Fee  - New York","1349"
"72","Rental Expense","Cash Payment - Rental - New York","4020"
"72","Rental Expense","Cash Payment - Rental - Miami","4200"
"72","Overflow Expense - Retail","Cash Payment - Overflow Fee  - Detroit","1064"
"72","Rental Expense","Cash Payment - Rental - Detroit","1000"
"72","Rental Expense","Cash Payment - Rental - Chicago","1480"
"72","Rental Expense","Cash Payment - Rental - Washington, D.C.","2440"
"72","Rental Expense","Cash Payment - Rental - San Francisco","2240"
"71","Salary Expense","Cash Payment - Salary Expense","39592"
"71","Depreciation Expense","Non-Cash Expense - Depreciation","43333"
"71","Overflow Expense - Retail","Cash Payment - Overflow Fee  - Los Angeles","2496"
"71","Rental Expense","Cash Payment - Rental - Los Angeles","1080"
"71","Overflow Expense - Retail","Cash Payment - Overflow Fee  - New York","1704"
"71","Rental Expense","Cash Payment - Rental - New York","4020"
"71","Rental Expense","Cash Payment - Rental - Miami","4200"
"71","Overflow Expense - Retail","Cash Payment - Overflow Fee  - Detroit","1148"
"71","Rental Expense","Cash Payment - Rental - Detroit","1000"
"71","Rental Expense","Cash Payment - Rental - Chicago","1480"
"71","Rental Expense","Cash Payment - Rental - Washington, D.C.","2440"
"71","Rental Expense","Cash Payment - Rental - San Francisco","2240"
"70","Human Resource Expense","Attended Training","15000"
"70","Human Resource Expense","Counselled","2000"
"70","Salary Expense","Cash Payment - Salary Expense","38764"
"70","Shipping Expense","Cash Payment - Shipping Expense - WEB SO : 12275","104"
"70","Shipping Expense","Cash Payment - Shipping Expense - WEB SO : 12318","78"
"70","Maintenance Expense","Cash Payment - Maintenance periodic Machine ID: 340","15000"
"70","Depreciation Expense","Non-Cash Expense - Depreciation","43333"
"70","Overflow Expense - Retail","Cash Payment - Overflow Fee  - Los Angeles","2592"
"70","Rental Expense","Cash Payment - Rental - Los Angeles","1080"
"70","Overflow Expense - Retail","Cash Payment - Overflow Fee  - New York","1988"
"70","Rental Expense","Cash Payment - Rental - New York","4020"
"70","Rental Expense","Cash Payment - Rental - Miami","4200"
"70","Overflow Expense - Retail","Cash Payment - Overflow Fee  - Detroit","1232"
"70","Rental Expense","Cash Payment - Rental - Detroit","1000"
"70","Rental Expense","Cash Payment - Rental - Chicago","1480"
"70","Rental Expense","Cash Payment - Rental - Washington, D.C.","2440"
"70","Rental Expense","Cash Payment - Rental - San Francisco","2240"
"69","Salary Expense","Cash Payment - Salary Expense","38680"
"69","Maintenance Expense","Cash Payment - Maintenance periodic Machine ID: 371","15000"
"69","Depreciation Expense","Non-Cash Expense - Depreciation","43333"
"69","Overflow Expense - Retail","Cash Payment - Overflow Fee  - Los Angeles","2688"
"69","Rental Expense","Cash Payment - Rental - Los Angeles","1080"
"69","Overflow Expense - Retail","Cash Payment - Overflow Fee  - New York","2343"
"69","Rental Expense","Cash Payment - Rental - New York","4020"
"69","Rental Expense","Cash Payment - Rental - Miami","4200"
"69","Overflow Expense - Retail","Cash Payment - Overflow Fee  - Detroit","1288"
"69","Rental Expense","Cash Payment - Rental - Detroit","1000"
"69","Rental Expense","Cash Payment - Rental - Chicago","1480"
"69","Overflow Expense - Retail","Cash Payment - Overflow Fee  - Washington, D.C.","144"
"69","Rental Expense","Cash Payment - Rental - Washington, D.C.","2440"
"69","Rental Expense","Cash Payment - Rental - San Francisco","2240"
"68","Human Resource Expense","Counselled","2000"
"68","Human Resource Expense","Attended Training","15000"
"68","Salary Expense","Cash Payment - Salary Expense","38596"
"68","Maintenance Expense","Cash Payment - Maintenance periodic Machine ID: 378","15000"
"68","Maintenance Expense","Cash Payment - Maintenance periodic Machine ID: 381","15000"
"68","Maintenance Expense","Cash Payment - Maintenance periodic Machine ID: 384","15000"
"68","Depreciation Expense","Non-Cash Expense - Depreciation","43333"
"68","Overflow Expense - Retail","Cash Payment - Overflow Fee  - Los Angeles","2752"
"68","Rental Expense","Cash Payment - Rental - Los Angeles","1080"
"68","Overflow Expense - Retail","Cash Payment - Overflow Fee  - New York","2698"
"68","Rental Expense","Cash Payment - Rental - New York","4020"
"68","Rental Expense","Cash Payment - Rental - Miami","4200"
"68","Overflow Expense - Retail","Cash Payment - Overflow Fee  - Detroit","1372"
"68","Rental Expense","Cash Payment - Rental - Detroit","1000"
"68","Rental Expense","Cash Payment - Rental - Chicago","1480"
"68","Overflow Expense - Retail","Cash Payment - Overflow Fee  - Washington, D.C.","144"
"68","Rental Expense","Cash Payment - Rental - Washington, D.C.","2440"
"68","Rental Expense","Cash Payment - Rental - San Francisco","2240"
"67","Human Resource Expense","Attended Training","15000"
"67","Human Resource Expense","Counselled","2000"
"67","Salary Expense","Cash Payment - Salary Expense","38596"
"67","Maintenance Expense","Cash Payment - Maintenance periodic Machine ID: 387","15000"
"67","Depreciation Expense","Non-Cash Expense - Depreciation","43333"
"67","Overflow Expense - Retail","Cash Payment - Overflow Fee  - Los Angeles","2880"
"67","Rental Expense","Cash Payment - Rental - Los Angeles","1080"
"67","Overflow Expense - Retail","Cash Payment - Overflow Fee  - New York","3053"
"67","Rental Expense","Cash Payment - Rental - New York","4020"
"67","Rental Expense","Cash Payment - Rental - Miami","4200"
"67","Overflow Expense - Retail","Cash Payment - Overflow Fee  - Detroit","1456"
"67","Rental Expense","Cash Payment - Rental - Detroit","1000"
"67","Rental Expense","Cash Payment - Rental - Chicago","1480"
"67","Overflow Expense - Retail","Cash Payment - Overflow Fee  - Washington, D.C.","216"
"67","Rental Expense","Cash Payment - Rental - Washington, D.C.","2440"
"67","Rental Expense","Cash Payment - Rental - San Francisco","2240"
"66","Human Resource Expense","Counselled","2000"
"66","Human Resource Expense","Counselled","2000"
"66","Human Resource Expense","Counselled","2000"
"66","Salary Expense","Cash Payment - Salary Expense","38482"
"66","Maintenance Expense","Cash Payment - Maintenance periodic Machine ID: 368","15000"
"66","Depreciation Expense","Non-Cash Expense - Depreciation","43333"
"66","Overflow Expense - Retail","Cash Payment - Overflow Fee  - Los Angeles","2976"
"66","Rental Expense","Cash Payment - Rental - Los Angeles","1080"
"66","Overflow Expense - Retail","Cash Payment - Overflow Fee  - New York","3337"
"66","Rental Expense","Cash Payment - Rental - New York","4020"
"66","Rental Expense","Cash Payment - Rental - Miami","4200"
"66","Overflow Expense - Retail","Cash Payment - Overflow Fee  - Detroit","1512"
"66","Rental Expense","Cash Payment - Rental - Detroit","1000"
"66","Rental Expense","Cash Payment - Rental - Chicago","1480"
"66","Overflow Expense - Retail","Cash Payment - Overflow Fee  - Washington, D.C.","288"
"66","Rental Expense","Cash Payment - Rental - Washington, D.C.","2440"
"66","Rental Expense","Cash Payment - Rental - San Francisco","2240"
"65","Salary Expense","Cash Payment - Salary Expense","38460"
"65","Maintenance Expense","Cash Payment - Maintenance periodic Machine ID: 340","15000"
"65","Maintenance Expense","Cash Payment - Maintenance periodic Machine ID: 365","15000"
"65","Depreciation Expense","Non-Cash Expense - Depreciation","43333"
"65","Overflow Expense - Retail","Cash Payment - Overflow Fee  - Los Angeles","3104"
"65","Rental Expense","Cash Payment - Rental - Los Angeles","1080"
"65","Overflow Expense - Retail","Cash Payment - Overflow Fee  - New York","3763"
"65","Rental Expense","Cash Payment - Rental - New York","4020"
"65","Rental Expense","Cash Payment - Rental - Miami","4200"
"65","Overflow Expense - Retail","Cash Payment - Overflow Fee  - Detroit","1624"
"65","Rental Expense","Cash Payment - Rental - Detroit","1000"
"65","Rental Expense","Cash Payment - Rental - Chicago","1480"
"65","Overflow Expense - Retail","Cash Payment - Overflow Fee  - Washington, D.C.","360"
"65","Rental Expense","Cash Payment - Rental - Washington, D.C.","2440"
"65","Rental Expense","Cash Payment - Rental - San Francisco","2240"
"64","Human Resource Expense","Attended Training","15000"
"64","Human Resource Expense","Counselled","2000"
"64","Human Resource Expense","Counselled","2000"
"64","Salary Expense","Cash Payment - Salary Expense","38380"
"64","Maintenance Expense","Cash Payment - Maintenance periodic Machine ID: 371","15000"
"64","Depreciation Expense","Non-Cash Expense - Depreciation","43333"
"64","Overflow Expense - Retail","Cash Payment - Overflow Fee  - Los Angeles","3200"
"64","Rental Expense","Cash Payment - Rental - Los Angeles","1080"
"64","Overflow Expense - Retail","Cash Payment - Overflow Fee  - New York","4047"
"64","Rental Expense","Cash Payment - Rental - New York","4020"
"64","Rental Expense","Cash Payment - Rental - Miami","4200"
"64","Overflow Expense - Retail","Cash Payment - Overflow Fee  - Detroit","1708"
"64","Rental Expense","Cash Payment - Rental - Detroit","1000"
"64","Rental Expense","Cash Payment - Rental - Chicago","1480"
"64","Overflow Expense - Retail","Cash Payment - Overflow Fee  - Washington, D.C.","360"
"64","Rental Expense","Cash Payment - Rental - Washington, D.C.","2440"
"64","Rental Expense","Cash Payment - Rental - San Francisco","2240"
"63","Salary Expense","Cash Payment - Salary Expense","38250"
"63","Depreciation Expense","Non-Cash Expense - Depreciation","43333"
"63","Overflow Expense - Retail","Cash Payment - Overflow Fee  - Los Angeles","3264"
"63","Rental Expense","Cash Payment - Rental - Los Angeles","1080"
"63","Overflow Expense - Retail","Cash Payment - Overflow Fee  - New York","4189"
"63","Rental Expense","Cash Payment - Rental - New York","4020"
"63","Rental Expense","Cash Payment - Rental - Miami","4200"
"63","Overflow Expense - Retail","Cash Payment - Overflow Fee  - Detroit","1708"
"63","Rental Expense","Cash Payment - Rental - Detroit","1000"
"63","Rental Expense","Cash Payment - Rental - Chicago","1480"
"63","Overflow Expense - Retail","Cash Payment - Overflow Fee  - Washington, D.C.","504"
"63","Rental Expense","Cash Payment - Rental - Washington, D.C.","2440"
"63","Rental Expense","Cash Payment - Rental - San Francisco","2240"
"62","Human Resource Expense","Attended Training","15000"
"62","Human Resource Expense","Counselled","2000"
"62","Human Resource Expense","Counselled","2000"
"62","Human Resource Expense","Counselled","2000"
"62","Marketing Expense","Cash Payment - Marketing Report Subscription","20000"
"62","Salary Expense","Cash Payment - Salary Expense","38210"
"62","Shipping Expense","Cash Payment - Shipping Expense - WEB SO : 10727","29"
"62","Shipping Expense","Cash Payment - Shipping Expense - WEB SO : 10734","4"
"62","Depreciation Expense","Non-Cash Expense - Depreciation","43333"
"62","Overflow Expense - Retail","Cash Payment - Overflow Fee  - Los Angeles","3328"
"62","Rental Expense","Cash Payment - Rental - Los Angeles","1080"
"62","Overflow Expense - Retail","Cash Payment - Overflow Fee  - New York","4331"
"62","Rental Expense","Cash Payment - Rental - New York","4020"
"62","Rental Expense","Cash Payment - Rental - Miami","4200"
"62","Overflow Expense - Retail","Cash Payment - Overflow Fee  - Detroit","1736"
"62","Rental Expense","Cash Payment - Rental - Detroit","1000"
"62","Rental Expense","Cash Payment - Rental - Chicago","1480"
"62","Overflow Expense - Retail","Cash Payment - Overflow Fee  - Washington, D.C.","504"
"62","Rental Expense","Cash Payment - Rental - Washington, D.C.","2440"
"62","Rental Expense","Cash Payment - Rental - San Francisco","2240"
"61","Human Resource Expense","Attended Training","15000"
"61","Human Resource Expense","Counselled","2000"
"61","Marketing Expense","Cash Payment - Marketing Report Subscription","20000"
"61","Salary Expense","Cash Payment - Salary Expense","37728"
"61","Shipping Expense","Cash Payment - Shipping Expense - WEB SO : 10530","37"
"61","Depreciation Expense","Non-Cash Expense - Depreciation","43333"
"61","Overflow Expense - Retail","Cash Payment - Overflow Fee  - Los Angeles","3392"
"61","Rental Expense","Cash Payment - Rental - Los Angeles","1080"
"61","Overflow Expense - Retail","Cash Payment - Overflow Fee  - New York","4544"
"61","Rental Expense","Cash Payment - Rental - New York","4020"
"61","Overflow Expense - Warehouse","Cash Payment - Overflow Fee - Miami","2718"
"61","Rental Expense","Cash Payment - Rental - Miami","3000"
"61","Overflow Expense - Retail","Cash Payment - Overflow Fee  - Detroit","1820"
"61","Rental Expense","Cash Payment - Rental - Detroit","1000"
"61","Rental Expense","Cash Payment - Rental - Chicago","1480"
"61","Overflow Expense - Retail","Cash Payment - Overflow Fee  - Washington, D.C.","576"
"61","Rental Expense","Cash Payment - Rental - Washington, D.C.","2440"
"61","Rental Expense","Cash Payment - Rental - San Francisco","2240"
"60","Salary Expense","Cash Payment - Salary Expense","36936"
"60","Shipping Expense","Cash Payment - Shipping Expense - WEB SO : 10321","35"
"60","Shipping Expense","Cash Payment - Shipping Expense - WEB SO : 10328","46"
"60","Maintenance Expense","Cash Payment - Maintenance periodic Machine ID: 340","15000"
"60","Depreciation Expense","Non-Cash Expense - Depreciation","43333"
"60","Overflow Expense - Retail","Cash Payment - Overflow Fee  - Los Angeles","3456"
"60","Rental Expense","Cash Payment - Rental - Los Angeles","1080"
"60","Overflow Expense - Retail","Cash Payment - Overflow Fee  - New York","4686"
"60","Rental Expense","Cash Payment - Rental - New York","4020"
"60","Overflow Expense - Warehouse","Cash Payment - Overflow Fee - Miami","2763"
"60","Rental Expense","Cash Payment - Rental - Miami","3000"
"60","Overflow Expense - Retail","Cash Payment - Overflow Fee  - Detroit","1820"
"60","Rental Expense","Cash Payment - Rental - Detroit","1000"
"60","Rental Expense","Cash Payment - Rental - Chicago","1480"
"60","Overflow Expense - Retail","Cash Payment - Overflow Fee  - Washington, D.C.","576"
"60","Rental Expense","Cash Payment - Rental - Washington, D.C.","2440"
"60","Rental Expense","Cash Payment - Rental - San Francisco","2240"
"59","Salary Expense","Cash Payment - Salary Expense","36856"
"59","Shipping Expense","Cash Payment - Shipping Expense - WEB SO : 10146","37"
"59","Maintenance Expense","Cash Payment - Maintenance periodic Machine ID: 371","15000"
"59","Maintenance Expense","Cash Payment - Maintenance periodic Machine ID: 378","15000"
"59","Maintenance Expense","Cash Payment - Maintenance periodic Machine ID: 381","15000"
"59","Maintenance Expense","Cash Payment - Maintenance periodic Machine ID: 384","15000"
"59","Depreciation Expense","Non-Cash Expense - Depreciation","43333"
"59","Overflow Expense - Retail","Cash Payment - Overflow Fee  - Los Angeles","3552"
"59","Rental Expense","Cash Payment - Rental - Los Angeles","1080"
"59","Overflow Expense - Retail","Cash Payment - Overflow Fee  - New York","4828"
"59","Rental Expense","Cash Payment - Rental - New York","4020"
"59","Overflow Expense - Warehouse","Cash Payment - Overflow Fee - Miami","2781"
"59","Rental Expense","Cash Payment - Rental - Miami","3000"
"59","Overflow Expense - Retail","Cash Payment - Overflow Fee  - Detroit","1904"
"59","Rental Expense","Cash Payment - Rental - Detroit","1000"
"59","Rental Expense","Cash Payment - Rental - Chicago","1480"
"59","Overflow Expense - Retail","Cash Payment - Overflow Fee  - Washington, D.C.","576"
"59","Rental Expense","Cash Payment - Rental - Washington, D.C.","2440"
"59","Rental Expense","Cash Payment - Rental - San Francisco","2240"
"58","Human Resource Expense","Counselled","2000"
"58","Human Resource Expense","Attended Training","15000"
"58","Human Resource Expense","Attended Training","15000"
"58","Salary Expense","Cash Payment - Salary Expense","36776"
"58","Maintenance Expense","Cash Payment - Maintenance periodic Machine ID: 387","15000"
"58","Depreciation Expense","Non-Cash Expense - Depreciation","43333"
"58","Overflow Expense - Retail","Cash Payment - Overflow Fee  - Los Angeles","3648"
"58","Rental Expense","Cash Payment - Rental - Los Angeles","1080"
"58","Overflow Expense - Retail","Cash Payment - Overflow Fee  - New York","5041"
"58","Rental Expense","Cash Payment - Rental - New York","4020"
"58","Overflow Expense - Warehouse","Cash Payment - Overflow Fee - Miami","1620"
"58","Rental Expense","Cash Payment - Rental - Miami","3000"
"58","Overflow Expense - Retail","Cash Payment - Overflow Fee  - Detroit","1932"
"58","Rental Expense","Cash Payment - Rental - Detroit","1000"
"58","Rental Expense","Cash Payment - Rental - Chicago","1480"
"58","Overflow Expense - Retail","Cash Payment - Overflow Fee  - Washington, D.C.","648"
"58","Rental Expense","Cash Payment - Rental - Washington, D.C.","2440"
"58","Rental Expense","Cash Payment - Rental - San Francisco","2240"
"57","Human Resource Expense","Attended Training","15000"
"57","Human Resource Expense","Attended Training","15000"
"57","Human Resource Expense","Counselled","2000"
"57","Human Resource Expense","Counselled","2000"
"57","Human Resource Expense","Counselled","2000"
"57","Salary Expense","Cash Payment - Salary Expense","36776"
"57","Shipping Expense","Cash Payment - Shipping Expense - WEB SO : 8943","5"
"57","Shipping Expense","Cash Payment - Shipping Expense - WEB SO : 8944","7"
"57","Shipping Expense","Cash Payment - Shipping Expense - WEB SO : 8947","4"
"57","Shipping Expense","Cash Payment - Shipping Expense - WEB SO : 9706","50"
"57","Maintenance Expense","Cash Payment - Maintenance periodic Machine ID: 368","15000"
"57","Depreciation Expense","Non-Cash Expense - Depreciation","43333"
"57","Overflow Expense - Retail","Cash Payment - Overflow Fee  - Los Angeles","3872"
"57","Rental Expense","Cash Payment - Rental - Los Angeles","1080"
"57","Overflow Expense - Retail","Cash Payment - Overflow Fee  - New York","5751"
"57","Rental Expense","Cash Payment - Rental - New York","4020"
"57","Overflow Expense - Warehouse","Cash Payment - Overflow Fee - Miami","2586"
"57","Rental Expense","Cash Payment - Rental - Miami","3000"
"57","Rental Expense","Cash Payment - Rental - Detroit","1000"
"57","Rental Expense","Cash Payment - Rental - Chicago","1480"
"57","Overflow Expense - Retail","Cash Payment - Overflow Fee  - Washington, D.C.","792"
"57","Rental Expense","Cash Payment - Rental - Washington, D.C.","2440"
"57","Rental Expense","Cash Payment - Rental - San Francisco","2240"
"56","Salary Expense","Cash Payment - Salary Expense","36668"
"56","Maintenance Expense","Cash Payment - Maintenance periodic Machine ID: 365","15000"
"56","Depreciation Expense","Non-Cash Expense - Depreciation","43333"
"56","Overflow Expense - Retail","Cash Payment - Overflow Fee  - Los Angeles","4096"
"56","Rental Expense","Cash Payment - Rental - Los Angeles","1080"
"56","Overflow Expense - Retail","Cash Payment - Overflow Fee  - New York","6248"
"56","Rental Expense","Cash Payment - Rental - New York","4020"
"56","Overflow Expense - Warehouse","Cash Payment - Overflow Fee - Miami","2592"
"56","Rental Expense","Cash Payment - Rental - Miami","3000"
"56","Rental Expense","Cash Payment - Rental - Detroit","1000"
"56","Rental Expense","Cash Payment - Rental - Chicago","1480"
"56","Overflow Expense - Retail","Cash Payment - Overflow Fee  - Washington, D.C.","864"
"56","Rental Expense","Cash Payment - Rental - Washington, D.C.","2440"
"56","Rental Expense","Cash Payment - Rental - San Francisco","2240"
"55","Human Resource Expense","Cash Payment - Staff Recruiting - Production","30000"
"55","Human Resource Expense","Counselled","2000"
"55","Human Resource Expense","Counselled","2000"
"55","Human Resource Expense","Counselled","2000"
"55","Salary Expense","Cash Payment - Salary Expense","36647"
"55","Shipping Expense","Cash Payment - Shipping Expense - WEB SO : 9278","37"
"55","Shipping Expense","Cash Payment - Shipping Expense - WEB SO : 9290","21"
"55","Maintenance Expense","Cash Payment - Maintenance periodic Machine ID: 340","15000"
"55","Depreciation Expense","Non-Cash Expense - Depreciation","43333"
"55","Overflow Expense - Retail","Cash Payment - Overflow Fee  - Los Angeles","4320"
"55","Rental Expense","Cash Payment - Rental - Los Angeles","1080"
"55","Overflow Expense - Retail","Cash Payment - Overflow Fee  - New York","6887"
"55","Rental Expense","Cash Payment - Rental - New York","4020"
"55","Overflow Expense - Warehouse","Cash Payment - Overflow Fee - Miami","1740"
"55","Rental Expense","Cash Payment - Rental - Miami","3000"
"55","Rental Expense","Cash Payment - Rental - Detroit","1000"
"55","Overflow Expense - Retail","Cash Payment - Overflow Fee  - Chicago","164"
"55","Rental Expense","Cash Payment - Rental - Chicago","1480"
"55","Overflow Expense - Retail","Cash Payment - Overflow Fee  - Washington, D.C.","1008"
"55","Rental Expense","Cash Payment - Rental - Washington, D.C.","2440"
"55","Rental Expense","Cash Payment - Rental - San Francisco","2240"
"54","Human Resource Expense","Counselled","2000"
"54","Human Resource Expense","Counselled","2000"
"54","Human Resource Expense","Counselled","2000"
"54","Human Resource Expense","Counselled","2000"
"54","Human Resource Expense","Cash Payment - Staff Recruiting - Production","30000"
"54","Human Resource Expense","Attended Training","15000"
"54","Human Resource Expense","Cash Payment - Staff Recruiting - Production","30000"
"54","Human Resource Expense","Cash Payment - Staff Recruiting - Production","30000"
"54","Human Resource Expense","Counselled","2000"
"54","Salary Expense","Cash Payment - Salary Expense","35905"
"54","Shipping Expense","Cash Payment - Shipping Expense - WEB SO : 8940","27"
"54","Maintenance Expense","Cash Payment - Maintenance periodic Machine ID: 371","15000"
"54","Depreciation Expense","Non-Cash Expense - Depreciation","38333"
"54","Overflow Expense - Retail","Cash Payment - Overflow Fee  - Los Angeles","4544"
"54","Rental Expense","Cash Payment - Rental - Los Angeles","1080"
"54","Overflow Expense - Retail","Cash Payment - Overflow Fee  - New York","7455"
"54","Rental Expense","Cash Payment - Rental - New York","4020"
"54","Overflow Expense - Warehouse","Cash Payment - Overflow Fee - Miami","1368"
"54","Rental Expense","Cash Payment - Rental - Miami","3000"
"54","Rental Expense","Cash Payment - Rental - Detroit","1000"
"54","Overflow Expense - Retail","Cash Payment - Overflow Fee  - Chicago","492"
"54","Rental Expense","Cash Payment - Rental - Chicago","1480"
"54","Overflow Expense - Retail","Cash Payment - Overflow Fee  - Washington, D.C.","1152"
"54","Rental Expense","Cash Payment - Rental - Washington, D.C.","2440"
"54","Rental Expense","Cash Payment - Rental - San Francisco","2240"
"53","Salary Expense","Cash Payment - Salary Expense","33784"
"53","Depreciation Expense","Non-Cash Expense - Depreciation","23333"
"53","Overflow Expense - Retail","Cash Payment - Overflow Fee  - Los Angeles","4640"
"53","Rental Expense","Cash Payment - Rental - Los Angeles","1080"
"53","Overflow Expense - Retail","Cash Payment - Overflow Fee  - New York","7668"
"53","Rental Expense","Cash Payment - Rental - New York","4020"
"53","Rental Expense","Cash Payment - Rental - Miami","3000"
"53","Rental Expense","Cash Payment - Rental - Detroit","1000"
"53","Overflow Expense - Retail","Cash Payment - Overflow Fee  - Chicago","533"
"53","Rental Expense","Cash Payment - Rental - Chicago","1480"
"53","Overflow Expense - Retail","Cash Payment - Overflow Fee  - Washington, D.C.","1152"
"53","Rental Expense","Cash Payment - Rental - Washington, D.C.","2440"
"53","Rental Expense","Cash Payment - Rental - San Francisco","2240"
"52","Salary Expense","Cash Payment - Salary Expense","33746"
"52","Depreciation Expense","Non-Cash Expense - Depreciation","23333"
"52","Overflow Expense - Retail","Cash Payment - Overflow Fee  - Los Angeles","928"
"52","Rental Expense","Cash Payment - Rental - Los Angeles","1080"
"52","Overflow Expense - Retail","Cash Payment - Overflow Fee  - New York","7810"
"52","Rental Expense","Cash Payment - Rental - New York","4020"
"52","Rental Expense","Cash Payment - Rental - Miami","3000"
"52","Rental Expense","Cash Payment - Rental - Detroit","1000"
"52","Overflow Expense - Retail","Cash Payment - Overflow Fee  - Chicago","615"
"52","Rental Expense","Cash Payment - Rental - Chicago","1480"
"52","Overflow Expense - Retail","Cash Payment - Overflow Fee  - Washington, D.C.","1224"
"52","Rental Expense","Cash Payment - Rental - Washington, D.C.","2440"
"52","Rental Expense","Cash Payment - Rental - San Francisco","2240"
"51","Salary Expense","Cash Payment - Salary Expense","33286"
"51","Shipping Expense","Cash Payment - Shipping Expense - WEB SO : 8374","36"
"51","Shipping Expense","Cash Payment - Shipping Expense - WEB SO : 8381","12"
"51","Shipping Expense","Cash Payment - Shipping Expense - WEB SO : 8565","9"
"51","Depreciation Expense","Non-Cash Expense - Depreciation","23333"
"51","Overflow Expense - Retail","Cash Payment - Overflow Fee  - Los Angeles","928"
"51","Rental Expense","Cash Payment - Rental - Los Angeles","1080"
"51","Rental Expense","Cash Payment - Rental - New York","4020"
"51","Rental Expense","Cash Payment - Rental - Miami","3000"
"51","Rental Expense","Cash Payment - Rental - Detroit","1000"
"51","Overflow Expense - Retail","Cash Payment - Overflow Fee  - Chicago","697"
"51","Rental Expense","Cash Payment - Rental - Chicago","1480"
"51","Overflow Expense - Retail","Cash Payment - Overflow Fee  - Washington, D.C.","1224"
"51","Rental Expense","Cash Payment - Rental - Washington, D.C.","2440"
"51","Rental Expense","Cash Payment - Rental - San Francisco","2240"
"50","Salary Expense","Cash Payment - Salary Expense","32530"
"50","Shipping Expense","Cash Payment - Shipping Expense - WEB SO : 8385","5"
"50","Shipping Expense","Cash Payment - Shipping Expense - WEB SO : 8388","3"
"50","Maintenance Expense","Cash Payment - Maintenance periodic Machine ID: 340","15000"
"50","Depreciation Expense","Non-Cash Expense - Depreciation","23333"
"50","Overflow Expense - Retail","Cash Payment - Overflow Fee  - Los Angeles","1024"
"50","Rental Expense","Cash Payment - Rental - Los Angeles","1080"
"50","Rental Expense","Cash Payment - Rental - New York","4020"
"50","Overflow Expense - Warehouse","Cash Payment - Overflow Fee - Miami","486"
"50","Rental Expense","Cash Payment - Rental - Miami","3000"
"50","Rental Expense","Cash Payment - Rental - Detroit","1000"
"50","Overflow Expense - Retail","Cash Payment - Overflow Fee  - Chicago","779"
"50","Rental Expense","Cash Payment - Rental - Chicago","1480"
"50","Overflow Expense - Retail","Cash Payment - Overflow Fee  - Washington, D.C.","1296"
"50","Rental Expense","Cash Payment - Rental - Washington, D.C.","2440"
"50","Rental Expense","Cash Payment - Rental - San Francisco","2240"
"49","Human Resource Expense","Attended Training","15000"
"49","Human Resource Expense","Counselled","2000"
"49","Human Resource Expense","Counselled","2000"
"49","Salary Expense","Cash Payment - Salary Expense","32454"
"49","Maintenance Expense","Cash Payment - Maintenance periodic Machine ID: 371","15000"
"49","Depreciation Expense","Non-Cash Expense - Depreciation","23333"
"49","Overflow Expense - Retail","Cash Payment - Overflow Fee  - Los Angeles","1088"
"49","Rental Expense","Cash Payment - Rental - Los Angeles","1080"
"49","Rental Expense","Cash Payment - Rental - New York","4020"
"49","Overflow Expense - Warehouse","Cash Payment - Overflow Fee - Miami","1362"
"49","Rental Expense","Cash Payment - Rental - Miami","3000"
"49","Rental Expense","Cash Payment - Rental - Detroit","1000"
"49","Overflow Expense - Retail","Cash Payment - Overflow Fee  - Chicago","861"
"49","Rental Expense","Cash Payment - Rental - Chicago","1480"
"49","Overflow Expense - Retail","Cash Payment - Overflow Fee  - Washington, D.C.","1368"
"49","Rental Expense","Cash Payment - Rental - Washington, D.C.","2440"
"49","Rental Expense","Cash Payment - Rental - San Francisco","2240"
"48","Salary Expense","Cash Payment - Salary Expense","32378"
"48","Shipping Expense","Cash Payment - Shipping Expense - WEB SO : 6475","19"
"48","Shipping Expense","Cash Payment - Shipping Expense - WEB SO : 8006","131"
"48","Shipping Expense","Cash Payment - Shipping Expense - WEB SO : 8011","51"
"48","Maintenance Expense","Cash Payment - Maintenance periodic Machine ID: 368","15000"
"48","Depreciation Expense","Non-Cash Expense - Depreciation","23333"
"48","Overflow Expense - Retail","Cash Payment - Overflow Fee  - Los Angeles","1152"
"48","Rental Expense","Cash Payment - Rental - Los Angeles","1080"
"48","Rental Expense","Cash Payment - Rental - New York","4020"
"48","Rental Expense","Cash Payment - Rental - Miami","3000"
"48","Rental Expense","Cash Payment - Rental - Detroit","1000"
"48","Overflow Expense - Retail","Cash Payment - Overflow Fee  - Chicago","943"
"48","Rental Expense","Cash Payment - Rental - Chicago","1480"
"48","Overflow Expense - Retail","Cash Payment - Overflow Fee  - Washington, D.C.","1368"
"48","Rental Expense","Cash Payment - Rental - Washington, D.C.","2440"
"48","Rental Expense","Cash Payment - Rental - San Francisco","2240"
"47","Salary Expense","Cash Payment - Salary Expense","32378"
"47","Shipping Expense","Cash Payment - Shipping Expense - WEB SO : 7822","91"
"47","Shipping Expense","Cash Payment - Shipping Expense - WEB SO : 7834","38"
"47","Shipping Expense","Cash Payment - Shipping Expense - WEB SO : 7840","16"
"47","Shipping Expense","Cash Payment - Shipping Expense - WEB SO : 7846","106"
"47","Maintenance Expense","Cash Payment - Maintenance periodic Machine ID: 365","15000"
"47","Depreciation Expense","Non-Cash Expense - Depreciation","23333"
"47","Overflow Expense - Retail","Cash Payment - Overflow Fee  - Los Angeles","1216"
"47","Rental Expense","Cash Payment - Rental - Los Angeles","1080"
"47","Rental Expense","Cash Payment - Rental - New York","4020"
"47","Rental Expense","Cash Payment - Rental - Miami","3000"
"47","Rental Expense","Cash Payment - Rental - Detroit","1000"
"47","Overflow Expense - Retail","Cash Payment - Overflow Fee  - Chicago","1025"
"47","Rental Expense","Cash Payment - Rental - Chicago","1480"
"47","Overflow Expense - Retail","Cash Payment - Overflow Fee  - Washington, D.C.","1368"
"47","Rental Expense","Cash Payment - Rental - Washington, D.C.","2440"
"47","Rental Expense","Cash Payment - Rental - San Francisco","2240"
"46","Human Resource Expense","Attended Training","15000"
"46","Human Resource Expense","Attended Training","15000"
"46","Human Resource Expense","Counselled","2000"
"46","Salary Expense","Cash Payment - Salary Expense","32270"
"46","Depreciation Expense","Non-Cash Expense - Depreciation","23333"
"46","Overflow Expense - Retail","Cash Payment - Overflow Fee  - Los Angeles","1344"
"46","Rental Expense","Cash Payment - Rental - Los Angeles","1080"
"46","Rental Expense","Cash Payment - Rental - New York","4020"
"46","Rental Expense","Cash Payment - Rental - Miami","3000"
"46","Rental Expense","Cash Payment - Rental - Detroit","1000"
"46","Overflow Expense - Retail","Cash Payment - Overflow Fee  - Chicago","1148"
"46","Rental Expense","Cash Payment - Rental - Chicago","1480"
"46","Overflow Expense - Retail","Cash Payment - Overflow Fee  - Washington, D.C.","1440"
"46","Rental Expense","Cash Payment - Rental - Washington, D.C.","2440"
"46","Rental Expense","Cash Payment - Rental - San Francisco","2240"
"45","Marketing Expense","Cash Payment - Marketing Report Subscription","20000"
"45","Salary Expense","Cash Payment - Salary Expense","32250"
"45","Shipping Expense","Cash Payment - Shipping Expense - WEB SO : 6477","175"
"45","Shipping Expense","Cash Payment - Shipping Expense - WEB SO : 6481","258"
"45","Shipping Expense","Cash Payment - Shipping Expense - WEB SO : 6488","202"
"45","Shipping Expense","Cash Payment - Shipping Expense - WEB SO : 6490","255"
"45","Shipping Expense","Cash Payment - Shipping Expense - WEB SO : 6678","151"
"45","Maintenance Expense","Cash Payment - Maintenance periodic Machine ID: 340","15000"
"45","Depreciation Expense","Non-Cash Expense - Depreciation","23333"
"45","Overflow Expense - Retail","Cash Payment - Overflow Fee  - Los Angeles","1472"
"45","Rental Expense","Cash Payment - Rental - Los Angeles","1080"
"45","Rental Expense","Cash Payment - Rental - New York","4020"
"45","Overflow Expense - Warehouse","Cash Payment - Overflow Fee - Miami","735"
"45","Rental Expense","Cash Payment - Rental - Miami","3000"
"45","Rental Expense","Cash Payment - Rental - Detroit","1000"
"45","Overflow Expense - Retail","Cash Payment - Overflow Fee  - Chicago","1271"
"45","Rental Expense","Cash Payment - Rental - Chicago","1480"
"45","Overflow Expense - Retail","Cash Payment - Overflow Fee  - Washington, D.C.","1512"
"45","Rental Expense","Cash Payment - Rental - Washington, D.C.","2440"
"45","Rental Expense","Cash Payment - Rental - San Francisco","2240"
"44","Marketing Expense","Cash Payment - Marketing Report Subscription","20000"
"44","Salary Expense","Cash Payment - Salary Expense","32210"
"44","Maintenance Expense","Cash Payment - Maintenance periodic Machine ID: 371","15000"
"44","Depreciation Expense","Non-Cash Expense - Depreciation","23333"
"44","Rental Expense","Cash Payment - Rental - Los Angeles","1080"
"44","Rental Expense","Cash Payment - Rental - New York","4020"
"44","Rental Expense","Cash Payment - Rental - Miami","3000"
"44","Rental Expense","Cash Payment - Rental - Detroit","1000"
"44","Overflow Expense - Retail","Cash Payment - Overflow Fee  - Chicago","1435"
"44","Rental Expense","Cash Payment - Rental - Chicago","1480"
"44","Overflow Expense - Retail","Cash Payment - Overflow Fee  - Washington, D.C.","1512"
"44","Rental Expense","Cash Payment - Rental - Washington, D.C.","2440"
"44","Rental Expense","Cash Payment - Rental - San Francisco","2240"
"43","Human Resource Expense","Counselled","2000"
"43","Human Resource Expense","Counselled","2000"
"43","Human Resource Expense","Counselled","2000"
"43","Marketing Expense","Cash Payment - Marketing Report Subscription","20000"
"43","Salary Expense","Cash Payment - Salary Expense","32190"
"43","Depreciation Expense","Non-Cash Expense - Depreciation","23333"
"43","Rental Expense","Cash Payment - Rental - Los Angeles","1080"
"43","Rental Expense","Cash Payment - Rental - New York","4020"
"43","Rental Expense","Cash Payment - Rental - Miami","3000"
"43","Rental Expense","Cash Payment - Rental - Detroit","1000"
"43","Overflow Expense - Retail","Cash Payment - Overflow Fee  - Chicago","1558"
"43","Rental Expense","Cash Payment - Rental - Chicago","1480"
"43","Overflow Expense - Retail","Cash Payment - Overflow Fee  - Washington, D.C.","1584"
"43","Rental Expense","Cash Payment - Rental - Washington, D.C.","2440"
"43","Rental Expense","Cash Payment - Rental - San Francisco","2240"
"42","Salary Expense","Cash Payment - Salary Expense","32154"
"42","Shipping Expense","Cash Payment - Shipping Expense - WEB SO : 6496","11"
"42","Shipping Expense","Cash Payment - Shipping Expense - WEB SO : 6505","165"
"42","Shipping Expense","Cash Payment - Shipping Expense - WEB SO : 6513","143"
"42","Shipping Expense","Cash Payment - Shipping Expense - WEB SO : 6517","281"
"42","Shipping Expense","Cash Payment - Shipping Expense - WEB SO : 6549","209"
"42","Shipping Expense","Cash Payment - Shipping Expense - WEB SO : 6683","105"
"42","Depreciation Expense","Non-Cash Expense - Depreciation","23333"
"42","Rental Expense","Cash Payment - Rental - Los Angeles","1080"
"42","Rental Expense","Cash Payment - Rental - New York","4020"
"42","Rental Expense","Cash Payment - Rental - Miami","3000"
"42","Rental Expense","Cash Payment - Rental - Detroit","1000"
"42","Overflow Expense - Retail","Cash Payment - Overflow Fee  - Chicago","1722"
"42","Rental Expense","Cash Payment - Rental - Chicago","1480"
"42","Overflow Expense - Retail","Cash Payment - Overflow Fee  - Washington, D.C.","1728"
"42","Rental Expense","Cash Payment - Rental - Washington, D.C.","2440"
"42","Rental Expense","Cash Payment - Rental - San Francisco","2240"
"41","Human Resource Expense","Counselled","2000"
"41","Salary Expense","Cash Payment - Salary Expense","31716"
"41","Shipping Expense","Cash Payment - Shipping Expense - WEB SO : 6102","134"
"41","Shipping Expense","Cash Payment - Shipping Expense - WEB SO : 6115","212"
"41","Shipping Expense","Cash Payment - Shipping Expense - WEB SO : 6687","242"
"41","Depreciation Expense","Non-Cash Expense - Depreciation","23333"
"41","Rental Expense","Cash Payment - Rental - Los Angeles","1080"
"41","Rental Expense","Cash Payment - Rental - New York","4020"
"41","Overflow Expense - Warehouse","Cash Payment - Overflow Fee - Miami","1197"
"41","Rental Expense","Cash Payment - Rental - Miami","3000"
"41","Rental Expense","Cash Payment - Rental - Detroit","1000"
"41","Overflow Expense - Retail","Cash Payment - Overflow Fee  - Chicago","1845"
"41","Rental Expense","Cash Payment - Rental - Chicago","1480"
"41","Overflow Expense - Retail","Cash Payment - Overflow Fee  - Washington, D.C.","1728"
"41","Rental Expense","Cash Payment - Rental - Washington, D.C.","2440"
"41","Rental Expense","Cash Payment - Rental - San Francisco","2240"
"40","Human Resource Expense","Counselled","2000"
"40","Human Resource Expense","Attended Training","15000"
"40","Human Resource Expense","Counselled","2000"
"40","Salary Expense","Cash Payment - Salary Expense","30996"
"40","Maintenance Expense","Cash Payment - Maintenance periodic Machine ID: 340","15000"
"40","Depreciation Expense","Non-Cash Expense - Depreciation","23333"
"40","Rental Expense","Cash Payment - Rental - Los Angeles","1080"
"40","Rental Expense","Cash Payment - Rental - New York","4020"
"40","Rental Expense","Cash Payment - Rental - Miami","3000"
"40","Rental Expense","Cash Payment - Rental - Detroit","1000"
"40","Rental Expense","Cash Payment - Rental - Chicago","1480"
"40","Rental Expense","Cash Payment - Rental - Washington, D.C.","2440"
"40","Rental Expense","Cash Payment - Rental - San Francisco","2240"
"39","Human Resource Expense","Counselled","2000"
"39","Human Resource Expense","Attended Training","15000"
"39","Human Resource Expense","Counselled","2000"
"39","Human Resource Expense","Attended Training","15000"
"39","Salary Expense","Cash Payment - Salary Expense","30924"
"39","Maintenance Expense","Cash Payment - Maintenance periodic Machine ID: 368","15000"
"39","Maintenance Expense","Cash Payment - Maintenance periodic Machine ID: 371","15000"
"39","Depreciation Expense","Non-Cash Expense - Depreciation","23333"
"39","Rental Expense","Cash Payment - Rental - Los Angeles","1080"
"39","Rental Expense","Cash Payment - Rental - New York","4020"
"39","Overflow Expense - Warehouse","Cash Payment - Overflow Fee - Miami","1086"
"39","Rental Expense","Cash Payment - Rental - Miami","3000"
"39","Rental Expense","Cash Payment - Rental - Detroit","1000"
"39","Rental Expense","Cash Payment - Rental - Chicago","1480"
"39","Rental Expense","Cash Payment - Rental - Washington, D.C.","2440"
"39","Rental Expense","Cash Payment - Rental - San Francisco","2240"
"38","Salary Expense","Cash Payment - Salary Expense","30852"
"38","Maintenance Expense","Cash Payment - Maintenance periodic Machine ID: 365","15000"
"38","Depreciation Expense","Non-Cash Expense - Depreciation","23333"
"38","Rental Expense","Cash Payment - Rental - Los Angeles","1080"
"38","Rental Expense","Cash Payment - Rental - New York","4020"
"38","Overflow Expense - Warehouse","Cash Payment - Overflow Fee - Miami","1680"
"38","Rental Expense","Cash Payment - Rental - Miami","3000"
"38","Rental Expense","Cash Payment - Rental - Detroit","1000"
"38","Rental Expense","Cash Payment - Rental - Chicago","1480"
"38","Rental Expense","Cash Payment - Rental - Washington, D.C.","2440"
"38","Rental Expense","Cash Payment - Rental - San Francisco","2240"
"37","Human Resource Expense","Cash Payment - Staff Recruiting - Production","30000"
"37","Human Resource Expense","Cash Payment - Staff Recruiting - Production","30000"
"37","Human Resource Expense","Cash Payment - Staff Recruiting - Production","30000"
"37","Salary Expense","Cash Payment - Salary Expense","30852"
"37","Shipping Expense","Cash Payment - Shipping Expense - WEB SO : 5972","134"
"37","Depreciation Expense","Non-Cash Expense - Depreciation","23333"
"37","Overflow Expense - Retail","Cash Payment - Overflow Fee  - Los Angeles","352"
"37","Rental Expense","Cash Payment - Rental - Los Angeles","1080"
"37","Overflow Expense - Retail","Cash Payment - Overflow Fee  - New York","710"
"37","Rental Expense","Cash Payment - Rental - New York","4020"
"37","Rental Expense","Cash Payment - Rental - Miami","3000"
"37","Overflow Expense - Retail","Cash Payment - Overflow Fee  - Detroit","196"
"37","Rental Expense","Cash Payment - Rental - Detroit","1000"
"37","Rental Expense","Cash Payment - Rental - Chicago","1480"
"37","Rental Expense","Cash Payment - Rental - Washington, D.C.","2440"
"37","Rental Expense","Cash Payment - Rental - San Francisco","2240"
"36","Human Resource Expense","Attended Training","15000"
"36","Human Resource Expense","Counselled","2000"
"36","Human Resource Expense","Counselled","2000"
"36","Salary Expense","Cash Payment - Salary Expense","28752"
"36","Depreciation Expense","Non-Cash Expense - Depreciation","8333"
"36","Overflow Expense - Retail","Cash Payment - Overflow Fee  - Los Angeles","1152"
"36","Rental Expense","Cash Payment - Rental - Los Angeles","1080"
"36","Overflow Expense - Retail","Cash Payment - Overflow Fee  - New York","2769"
"36","Rental Expense","Cash Payment - Rental - New York","4020"
"36","Rental Expense","Cash Payment - Rental - Miami","3000"
"36","Overflow Expense - Retail","Cash Payment - Overflow Fee  - Detroit","644"
"36","Rental Expense","Cash Payment - Rental - Detroit","1000"
"36","Rental Expense","Cash Payment - Rental - Chicago","1480"
"36","Rental Expense","Cash Payment - Rental - Washington, D.C.","2440"
"36","Rental Expense","Cash Payment - Rental - San Francisco","2240"
"35","Salary Expense","Cash Payment - Salary Expense","28733"
"35","Shipping Expense","Cash Payment - Shipping Expense - WEB SO : 5588","63"
"35","Shipping Expense","Cash Payment - Shipping Expense - WEB SO : 5590","20"
"35","Shipping Expense","Cash Payment - Shipping Expense - WEB SO : 5596","16"
"35","Maintenance Expense","Cash Payment - Maintenance periodic Machine ID: 340","15000"
"35","Depreciation Expense","Non-Cash Expense - Depreciation","8333"
"35","Overflow Expense - Retail","Cash Payment - Overflow Fee  - Los Angeles","1216"
"35","Rental Expense","Cash Payment - Rental - Los Angeles","1080"
"35","Overflow Expense - Retail","Cash Payment - Overflow Fee  - New York","3053"
"35","Rental Expense","Cash Payment - Rental - New York","4020"
"35","Rental Expense","Cash Payment - Rental - Miami","3000"
"35","Rental Expense","Cash Payment - Rental - Detroit","1000"
"35","Rental Expense","Cash Payment - Rental - Chicago","1480"
"35","Rental Expense","Cash Payment - Rental - Washington, D.C.","2440"
"35","Rental Expense","Cash Payment - Rental - San Francisco","2240"
"34","Salary Expense","Cash Payment - Salary Expense","28695"
"34","Depreciation Expense","Non-Cash Expense - Depreciation","8333"
"34","Overflow Expense - Retail","Cash Payment - Overflow Fee  - Los Angeles","1344"
"34","Rental Expense","Cash Payment - Rental - Los Angeles","1080"
"34","Overflow Expense - Retail","Cash Payment - Overflow Fee  - New York","3337"
"34","Rental Expense","Cash Payment - Rental - New York","4020"
"34","Rental Expense","Cash Payment - Rental - Miami","3000"
"34","Rental Expense","Cash Payment - Rental - Detroit","1000"
"34","Rental Expense","Cash Payment - Rental - Chicago","1480"
"34","Rental Expense","Cash Payment - Rental - Washington, D.C.","2440"
"34","Rental Expense","Cash Payment - Rental - San Francisco","2240"
"33","Human Resource Expense","Counselled","2000"
"33","Human Resource Expense","Attended Training","15000"
"33","Salary Expense","Cash Payment - Salary Expense","28676"
"33","Shipping Expense","Cash Payment - Shipping Expense - WEB SO : 4893","391"
"33","Shipping Expense","Cash Payment - Shipping Expense - WEB SO : 4903","144"
"33","Depreciation Expense","Non-Cash Expense - Depreciation","8333"
"33","Rental Expense","Cash Payment - Rental - Los Angeles","1080"
"33","Overflow Expense - Retail","Cash Payment - Overflow Fee  - New York","3692"
"33","Rental Expense","Cash Payment - Rental - New York","4020"
"33","Rental Expense","Cash Payment - Rental - Miami","3000"
"33","Rental Expense","Cash Payment - Rental - Detroit","1000"
"33","Rental Expense","Cash Payment - Rental - Chicago","1480"
"33","Rental Expense","Cash Payment - Rental - Washington, D.C.","2440"
"33","Rental Expense","Cash Payment - Rental - San Francisco","2240"
"32","Salary Expense","Cash Payment - Salary Expense","28640"
"32","Shipping Expense","Cash Payment - Shipping Expense - WEB SO : 5081","311"
"32","Depreciation Expense","Non-Cash Expense - Depreciation","8333"
"32","Rental Expense","Cash Payment - Rental - Los Angeles","1080"
"32","Rental Expense","Cash Payment - Rental - New York","4020"
"32","Rental Expense","Cash Payment - Rental - Miami","3000"
"32","Rental Expense","Cash Payment - Rental - Detroit","1000"
"32","Overflow Expense - Retail","Cash Payment - Overflow Fee  - Chicago","123"
"32","Rental Expense","Cash Payment - Rental - Chicago","1480"
"32","Rental Expense","Cash Payment - Rental - Washington, D.C.","2440"
"32","Rental Expense","Cash Payment - Rental - San Francisco","2240"
"31","Human Resource Expense","Attended Training","15000"
"31","Salary Expense","Cash Payment - Salary Expense","28224"
"31","Depreciation Expense","Non-Cash Expense - Depreciation","8333"
"31","Rental Expense","Cash Payment - Rental - Los Angeles","1080"
"31","Rental Expense","Cash Payment - Rental - New York","4020"
"31","Rental Expense","Cash Payment - Rental - Miami","1800"
"31","Rental Expense","Cash Payment - Rental - Detroit","1000"
"31","Overflow Expense - Retail","Cash Payment - Overflow Fee  - Chicago","205"
"31","Rental Expense","Cash Payment - Rental - Chicago","1480"
"31","Rental Expense","Cash Payment - Rental - Washington, D.C.","2440"
"31","Rental Expense","Cash Payment - Rental - San Francisco","2240"
"30","Marketing Expense","Cash Payment - Marketing Report Subscription","20000"
"30","Salary Expense","Cash Payment - Salary Expense","27540"
"30","Maintenance Expense","Cash Payment - Maintenance periodic Machine ID: 340","15000"
"30","Depreciation Expense","Non-Cash Expense - Depreciation","8333"
"30","Rental Expense","Cash Payment - Rental - Los Angeles","1080"
"30","Rental Expense","Cash Payment - Rental - New York","4020"
"30","Rental Expense","Cash Payment - Rental - Miami","1800"
"30","Rental Expense","Cash Payment - Rental - Detroit","1000"
"30","Overflow Expense - Retail","Cash Payment - Overflow Fee  - Chicago","287"
"30","Rental Expense","Cash Payment - Rental - Chicago","1480"
"30","Rental Expense","Cash Payment - Rental - Washington, D.C.","2440"
"30","Rental Expense","Cash Payment - Rental - San Francisco","2240"
"29","Human Resource Expense","Attended Training","15000"
"29","Human Resource Expense","Attended Training","15000"
"29","Marketing Expense","Cash Payment - Marketing Report Subscription","20000"
"29","Salary Expense","Cash Payment - Salary Expense","27468"
"29","Shipping Expense","Cash Payment - Shipping Expense - WEB SO : 4343","51"
"29","Shipping Expense","Cash Payment - Shipping Expense - WEB SO : 4370","20"
"29","Shipping Expense","Cash Payment - Shipping Expense - WEB SO : 4550","184"
"29","Depreciation Expense","Non-Cash Expense - Depreciation","8333"
"29","Rental Expense","Cash Payment - Rental - Los Angeles","1080"
"29","Rental Expense","Cash Payment - Rental - New York","4020"
"29","Rental Expense","Cash Payment - Rental - Miami","1800"
"29","Rental Expense","Cash Payment - Rental - Detroit","1000"
"29","Overflow Expense - Retail","Cash Payment - Overflow Fee  - Chicago","451"
"29","Rental Expense","Cash Payment - Rental - Chicago","1480"
"29","Rental Expense","Cash Payment - Rental - Washington, D.C.","2440"
"29","Rental Expense","Cash Payment - Rental - San Francisco","2240"
"28","Marketing Expense","Cash Payment - Marketing Report Subscription","20000"
"28","Salary Expense","Cash Payment - Salary Expense","27396"
"28","Shipping Expense","Cash Payment - Shipping Expense - WEB SO : 4357","93"
"28","Shipping Expense","Cash Payment - Shipping Expense - WEB SO : 4363","223"
"28","Shipping Expense","Cash Payment - Shipping Expense - WEB SO : 4367","286"
"28","Depreciation Expense","Non-Cash Expense - Depreciation","8333"
"28","Rental Expense","Cash Payment - Rental - Los Angeles","1080"
"28","Rental Expense","Cash Payment - Rental - New York","4020"
"28","Overflow Expense - Warehouse","Cash Payment - Overflow Fee - Miami","237"
"28","Rental Expense","Cash Payment - Rental - Miami","1800"
"28","Rental Expense","Cash Payment - Rental - Detroit","1000"
"28","Overflow Expense - Retail","Cash Payment - Overflow Fee  - Chicago","738"
"28","Rental Expense","Cash Payment - Rental - Chicago","1480"
"28","Rental Expense","Cash Payment - Rental - Washington, D.C.","2440"
"28","Rental Expense","Cash Payment - Rental - San Francisco","2240"
"27","Human Resource Expense","Counselled","2000"
"27","Human Resource Expense","Attended Training","15000"
"27","Human Resource Expense","Counselled","2000"
"27","Human Resource Expense","Counselled","2000"
"27","Salary Expense","Cash Payment - Salary Expense","27396"
"27","Shipping Expense","Cash Payment - Shipping Expense - WEB SO : 4178","10"
"27","Shipping Expense","Cash Payment - Shipping Expense - WEB SO : 4182","148"
"27","Depreciation Expense","Non-Cash Expense - Depreciation","8333"
"27","Rental Expense","Cash Payment - Rental - Los Angeles","1080"
"27","Rental Expense","Cash Payment - Rental - New York","4020"
"27","Overflow Expense - Warehouse","Cash Payment - Overflow Fee - Miami","240"
"27","Rental Expense","Cash Payment - Rental - Miami","1800"
"27","Rental Expense","Cash Payment - Rental - Detroit","1000"
"27","Rental Expense","Cash Payment - Rental - Chicago","1480"
"27","Rental Expense","Cash Payment - Rental - Washington, D.C.","2440"
"27","Rental Expense","Cash Payment - Rental - San Francisco","2240"
"26","Salary Expense","Cash Payment - Salary Expense","27396"
"26","Shipping Expense","Cash Payment - Shipping Expense - WEB SO : 4014","121"
"26","Depreciation Expense","Non-Cash Expense - Depreciation","8333"
"26","Rental Expense","Cash Payment - Rental - Los Angeles","1080"
"26","Rental Expense","Cash Payment - Rental - New York","4020"
"26","Overflow Expense - Warehouse","Cash Payment - Overflow Fee - Miami","1587"
"26","Rental Expense","Cash Payment - Rental - Miami","1800"
"26","Rental Expense","Cash Payment - Rental - Detroit","1000"
"26","Rental Expense","Cash Payment - Rental - Chicago","1480"
"26","Rental Expense","Cash Payment - Rental - Washington, D.C.","2440"
"26","Rental Expense","Cash Payment - Rental - San Francisco","2240"
"25","Salary Expense","Cash Payment - Salary Expense","27378"
"25","Maintenance Expense","Cash Payment - Maintenance periodic Machine ID: 340","15000"
"25","Depreciation Expense","Non-Cash Expense - Depreciation","8333"
"25","Rental Expense","Cash Payment - Rental - Los Angeles","1080"
"25","Rental Expense","Cash Payment - Rental - New York","4020"
"25","Rental Expense","Cash Payment - Rental - Miami","1800"
"25","Rental Expense","Cash Payment - Rental - Detroit","1000"
"25","Rental Expense","Cash Payment - Rental - Chicago","1480"
"25","Rental Expense","Cash Payment - Rental - Washington, D.C.","2440"
"25","Rental Expense","Cash Payment - Rental - San Francisco","2240"
"24","Human Resource Expense","Attended Training","15000"
"24","Salary Expense","Cash Payment - Salary Expense","27342"
"24","Shipping Expense","Cash Payment - Shipping Expense - WEB SO : 3644","162"
"24","Shipping Expense","Cash Payment - Shipping Expense - WEB SO : 3654","68"
"24","Shipping Expense","Cash Payment - Shipping Expense - WEB SO : 3661","24"
"24","Shipping Expense","Cash Payment - Shipping Expense - WEB SO : 3670","12"
"24","Depreciation Expense","Non-Cash Expense - Depreciation","8333"
"24","Rental Expense","Cash Payment - Rental - Los Angeles","1080"
"24","Rental Expense","Cash Payment - Rental - New York","4020"
"24","Rental Expense","Cash Payment - Rental - Miami","1800"
"24","Rental Expense","Cash Payment - Rental - Detroit","1000"
"24","Rental Expense","Cash Payment - Rental - Chicago","1480"
"24","Rental Expense","Cash Payment - Rental - Washington, D.C.","2440"
"24","Rental Expense","Cash Payment - Rental - San Francisco","2240"
"23","Human Resource Expense","Counselled","2000"
"23","Human Resource Expense","Attended Training","15000"
"23","Human Resource Expense","Cash Payment - Staff Recruiting - Production","30000"
"23","Human Resource Expense","Counselled","2000"
"23","Salary Expense","Cash Payment - Salary Expense","27324"
"23","Shipping Expense","Cash Payment - Shipping Expense - WEB SO : 2896","197"
"23","Shipping Expense","Cash Payment - Shipping Expense - WEB SO : 2910","198"
"23","Depreciation Expense","Non-Cash Expense - Depreciation","8333"
"23","Rental Expense","Cash Payment - Rental - Los Angeles","1080"
"23","Rental Expense","Cash Payment - Rental - New York","4020"
"23","Overflow Expense - Warehouse","Cash Payment - Overflow Fee - Miami","936"
"23","Rental Expense","Cash Payment - Rental - Miami","1800"
"23","Rental Expense","Cash Payment - Rental - Detroit","1000"
"23","Rental Expense","Cash Payment - Rental - Chicago","1480"
"23","Rental Expense","Cash Payment - Rental - Washington, D.C.","2440"
"23","Rental Expense","Cash Payment - Rental - San Francisco","2240"
"22","Salary Expense","Cash Payment - Salary Expense","26624"
"22","Depreciation Expense","Non-Cash Expense - Depreciation","3333"
"22","Rental Expense","Cash Payment - Rental - Los Angeles","1080"
"22","Rental Expense","Cash Payment - Rental - New York","4020"
"22","Rental Expense","Cash Payment - Rental - Miami","1800"
"22","Rental Expense","Cash Payment - Rental - Detroit","1000"
"22","Rental Expense","Cash Payment - Rental - Chicago","1480"
"22","Rental Expense","Cash Payment - Rental - Washington, D.C.","2440"
"22","Rental Expense","Cash Payment - Rental - San Francisco","2240"
"21","Salary Expense","Cash Payment - Salary Expense","26228"
"21","Shipping Expense","Cash Payment - Shipping Expense - WEB SO : 2409","19"
"21","Shipping Expense","Cash Payment - Shipping Expense - WEB SO : 2916","156"
"21","Shipping Expense","Cash Payment - Shipping Expense - WEB SO : 2918","114"
"21","Depreciation Expense","Non-Cash Expense - Depreciation","3333"
"21","Rental Expense","Cash Payment - Rental - Los Angeles","1080"
"21","Rental Expense","Cash Payment - Rental - New York","4020"
"21","Rental Expense","Cash Payment - Rental - Miami","1800"
"21","Rental Expense","Cash Payment - Rental - Detroit","1000"
"21","Rental Expense","Cash Payment - Rental - Chicago","1480"
"21","Rental Expense","Cash Payment - Rental - Washington, D.C.","2440"
"21","Rental Expense","Cash Payment - Rental - San Francisco","2240"
"20","Human Resource Expense","Cash Payment - Staff Recruiting - San Francisco","60000"
"20","Human Resource Expense","Counselled","2000"
"20","Human Resource Expense","Counselled","2000"
"20","Human Resource Expense","Counselled","2000"
"20","Human Resource Expense","Counselled","2000"
"20","Human Resource Expense","Counselled","2000"
"20","Salary Expense","Cash Payment - Salary Expense","25580"
"20","Depreciation Expense","Non-Cash Expense - Depreciation","3333"
"20","Overflow Expense - Retail","Cash Payment - Overflow Fee  - Los Angeles","32"
"20","Rental Expense","Cash Payment - Rental - Los Angeles","1080"
"20","Rental Expense","Cash Payment - Rental - New York","4020"
"20","Rental Expense","Cash Payment - Rental - Miami","1800"
"20","Rental Expense","Cash Payment - Rental - Detroit","1000"
"20","Rental Expense","Cash Payment - Rental - Chicago","1480"
"20","Rental Expense","Cash Payment - Rental - Washington, D.C.","2440"
"20","Rental Expense","Cash Payment - Rental - San Francisco","2240"
"19","Human Resource Expense","Attended Training","15000"
"19","Human Resource Expense","Cash Payment - Staff Recruiting - Washington, D.C.","60000"
"19","Human Resource Expense","Attended Training","15000"
"19","Salary Expense","Cash Payment - Salary Expense","24180"
"19","Depreciation Expense","Non-Cash Expense - Depreciation","3333"
"19","Overflow Expense - Retail","Cash Payment - Overflow Fee  - Los Angeles","160"
"19","Rental Expense","Cash Payment - Rental - Los Angeles","1080"
"19","Rental Expense","Cash Payment - Rental - New York","4020"
"19","Rental Expense","Cash Payment - Rental - Miami","1800"
"19","Rental Expense","Cash Payment - Rental - Detroit","1000"
"19","Rental Expense","Cash Payment - Rental - Chicago","1480"
"19","Rental Expense","Cash Payment - Rental - Washington, D.C.","2440"
"18","Salary Expense","Cash Payment - Salary Expense","22780"
"18","Shipping Expense","Cash Payment - Shipping Expense - WEB SO : 2403","207"
"18","Shipping Expense","Cash Payment - Shipping Expense - WEB SO : 2407","112"
"18","Shipping Expense","Cash Payment - Shipping Expense - WEB SO : 2417","160"
"18","Shipping Expense","Cash Payment - Shipping Expense - WEB SO : 2422","93"
"18","Shipping Expense","Cash Payment - Shipping Expense - WEB SO : 2431","116"
"18","Depreciation Expense","Non-Cash Expense - Depreciation","3333"
"18","Overflow Expense - Retail","Cash Payment - Overflow Fee  - Los Angeles","192"
"18","Rental Expense","Cash Payment - Rental - Los Angeles","1080"
"18","Rental Expense","Cash Payment - Rental - New York","4020"
"18","Rental Expense","Cash Payment - Rental - Miami","1800"
"18","Rental Expense","Cash Payment - Rental - Detroit","1000"
"18","Overflow Expense - Retail","Cash Payment - Overflow Fee  - Chicago","205"
"18","Rental Expense","Cash Payment - Rental - Chicago","1480"
"17","Human Resource Expense","Counselled","2000"
"17","Human Resource Expense","Counselled","2000"
"17","Human Resource Expense","Counselled","2000"
"17","Human Resource Expense","Attended Training","15000"
"17","Salary Expense","Cash Payment - Salary Expense","22780"
"17","Shipping Expense","Cash Payment - Shipping Expense - WEB SO : 2388","72"
"17","Shipping Expense","Cash Payment - Shipping Expense - WEB SO : 2392","127"
"17","Shipping Expense","Cash Payment - Shipping Expense - WEB SO : 2399","110"
"17","Depreciation Expense","Non-Cash Expense - Depreciation","3333"
"17","Overflow Expense - Retail","Cash Payment - Overflow Fee  - Los Angeles","320"
"17","Rental Expense","Cash Payment - Rental - Los Angeles","1080"
"17","Rental Expense","Cash Payment - Rental - New York","4020"
"17","Rental Expense","Cash Payment - Rental - Miami","1800"
"17","Rental Expense","Cash Payment - Rental - Detroit","1000"
"17","Overflow Expense - Retail","Cash Payment - Overflow Fee  - Chicago","492"
"17","Rental Expense","Cash Payment - Rental - Chicago","1480"
"16","Human Resource Expense","Attended Training","15000"
"16","Human Resource Expense","Attended Training","15000"
"16","Human Resource Expense","Counselled","2000"
"16","Marketing Expense","Cash Payment - Marketing Report Subscription","20000"
"16","Salary Expense","Cash Payment - Salary Expense","22780"
"16","Shipping Expense","Cash Payment - Shipping Expense - WEB SO : 2206","19"
"16","Depreciation Expense","Non-Cash Expense - Depreciation","3333"
"16","Rental Expense","Cash Payment - Rental - Los Angeles","1080"
"16","Rental Expense","Cash Payment - Rental - New York","4020"
"16","Rental Expense","Cash Payment - Rental - Miami","1800"
"16","Rental Expense","Cash Payment - Rental - Detroit","1000"
"16","Rental Expense","Cash Payment - Rental - Chicago","1480"
"15","Human Resource Expense","Cash Payment - Staff Recruiting","15000"
"15","Marketing Expense","Cash Payment - Marketing Report Subscription","20000"
"15","Salary Expense","Cash Payment - Salary Expense","22762"
"15","Shipping Expense","Cash Payment - Shipping Expense - WEB SO : 1887","131"
"15","Shipping Expense","Cash Payment - Shipping Expense - WEB SO : 1891","18"
"15","Shipping Expense","Cash Payment - Shipping Expense - WEB SO : 1894","215"
"15","Shipping Expense","Cash Payment - Shipping Expense - WEB SO : 1899","216"
"15","Shipping Expense","Cash Payment - Shipping Expense - WEB SO : 1907","273"
"15","Shipping Expense","Cash Payment - Shipping Expense - WEB SO : 1909","137"
"15","Shipping Expense","Cash Payment - Shipping Expense - WEB SO : 1914","373"
"15","Depreciation Expense","Non-Cash Expense - Depreciation","3333"
"15","Rental Expense","Cash Payment - Rental - Los Angeles","1080"
"15","Overflow Expense - Retail","Cash Payment - Overflow Fee  - New York","284"
"15","Rental Expense","Cash Payment - Rental - New York","4020"
"15","Rental Expense","Cash Payment - Rental - Miami","1800"
"15","Rental Expense","Cash Payment - Rental - Detroit","1000"
"15","Rental Expense","Cash Payment - Rental - Chicago","1480"
"14","Human Resource Expense","Counselled","2000"
"14","Marketing Expense","Cash Payment - Marketing Report Subscription","20000"
"14","Salary Expense","Cash Payment - Salary Expense","22376"
"14","Shipping Expense","Cash Payment - Shipping Expense - WEB SO : 1922","317"
"14","Depreciation Expense","Non-Cash Expense - Depreciation","3333"
"14","Rental Expense","Cash Payment - Rental - Los Angeles","1080"
"14","Overflow Expense - Retail","Cash Payment - Overflow Fee  - New York","497"
"14","Rental Expense","Cash Payment - Rental - New York","4020"
"14","Rental Expense","Cash Payment - Rental - Miami","1800"
"14","Rental Expense","Cash Payment - Rental - Detroit","1000"
"14","Rental Expense","Cash Payment - Rental - Chicago","1480"
"13","Salary Expense","Cash Payment - Salary Expense","22358"
"13","Shipping Expense","Cash Payment - Shipping Expense - WEB SO : 1738","7"
"13","Depreciation Expense","Non-Cash Expense - Depreciation","3333"
"13","Rental Expense","Cash Payment - Rental - Los Angeles","1080"
"13","Overflow Expense - Retail","Cash Payment - Overflow Fee  - New York","2130"
"13","Rental Expense","Cash Payment - Rental - New York","4020"
"13","Rental Expense","Cash Payment - Rental - Miami","1800"
"13","Rental Expense","Cash Payment - Rental - Detroit","1000"
"13","Rental Expense","Cash Payment - Rental - Chicago","1480"
"12","Human Resource Expense","Cash Payment - Staff Recruiting","15000"
"12","Human Resource Expense","Cash Payment - Staff Recruiting - Production","15000"
"12","Human Resource Expense","Counselled","2000"
"12","Human Resource Expense","Counselled","2000"
"12","Salary Expense","Cash Payment - Salary Expense","22358"
"12","Depreciation Expense","Non-Cash Expense - Depreciation","3333"
"12","Rental Expense","Cash Payment - Rental - Los Angeles","1080"
"12","Rental Expense","Cash Payment - Rental - New York","4020"
"12","Rental Expense","Cash Payment - Rental - Miami","1800"
"12","Rental Expense","Cash Payment - Rental - Detroit","1000"
"12","Rental Expense","Cash Payment - Rental - Chicago","1480"
"11","Human Resource Expense","Counselled","2000"
"11","Salary Expense","Cash Payment - Salary Expense","21298"
"11","Rental Expense","Cash Payment - Rental - Los Angeles","1080"
"11","Rental Expense","Cash Payment - Rental - New York","4020"
"11","Rental Expense","Cash Payment - Rental - Miami","1800"
"11","Rental Expense","Cash Payment - Rental - Detroit","1000"
"11","Rental Expense","Cash Payment - Rental - Chicago","1480"
"10","Salary Expense","Cash Payment - Salary Expense","20650"
"10","Shipping Expense","Cash Payment - Shipping Expense - WEB SO : 211","115"
"10","Shipping Expense","Cash Payment - Shipping Expense - WEB SO : 348","82"
"10","Shipping Expense","Cash Payment - Shipping Expense - WEB SO : 354","125"
"10","Shipping Expense","Cash Payment - Shipping Expense - WEB SO : 358","162"
"10","Overflow Expense - Retail","Cash Payment - Overflow Fee  - Los Angeles","928"
"10","Rental Expense","Cash Payment - Rental - Los Angeles","1080"
"10","Rental Expense","Cash Payment - Rental - New York","4020"
"10","Rental Expense","Cash Payment - Rental - Miami","1800"
"10","Rental Expense","Cash Payment - Rental - Detroit","1000"
"10","Rental Expense","Cash Payment - Rental - Chicago","1480"
"9","Human Resource Expense","Attended Training","15000"
"9","Salary Expense","Cash Payment - Salary Expense","20650"
"9","Interest Expense ","Cash Payment - Interest - For Overdraft","3853"
"9","Overflow Expense - Retail","Cash Payment - Overflow Fee  - Los Angeles","1824"
"9","Rental Expense","Cash Payment - Rental - Los Angeles","1080"
"9","Rental Expense","Cash Payment - Rental - New York","4020"
"9","Rental Expense","Cash Payment - Rental - Miami","1800"
"9","Rental Expense","Cash Payment - Rental - Detroit","1000"
"9","Rental Expense","Cash Payment - Rental - Chicago","1480"
"8","Salary Expense","Cash Payment - Salary Expense","20650"
"8","Shipping Expense","Cash Payment - Shipping Expense - WEB SO : 360","79"
"8","Shipping Expense","Cash Payment - Shipping Expense - WEB SO : 368","149"
"8","Interest Expense ","Cash Payment - Interest - For Overdraft","3853"
"8","Overflow Expense - Retail","Cash Payment - Overflow Fee  - Los Angeles","2016"
"8","Rental Expense","Cash Payment - Rental - Los Angeles","1080"
"8","Rental Expense","Cash Payment - Rental - New York","4020"
"8","Rental Expense","Cash Payment - Rental - Miami","1800"
"8","Rental Expense","Cash Payment - Rental - Detroit","1000"
"8","Rental Expense","Cash Payment - Rental - Chicago","1480"
"7","Human Resource Expense","Counselled","2000"
"7","Salary Expense","Cash Payment - Salary Expense","20650"
"7","Shipping Expense","Cash Payment - Shipping Expense - WEB SO : 226","176"
"7","Shipping Expense","Cash Payment - Shipping Expense - WEB SO : 240","126"
"7","Shipping Expense","Cash Payment - Shipping Expense - WEB SO : 246","95"
"7","Shipping Expense","Cash Payment - Shipping Expense - WEB SO : 250","10"
"7","Shipping Expense","Cash Payment - Shipping Expense - WEB SO : 256","15"
"7","Shipping Expense","Cash Payment - Shipping Expense - WEB SO : 260","20"
"7","Shipping Expense","Cash Payment - Shipping Expense - WEB SO : 266","20"
"7","Shipping Expense","Cash Payment - Shipping Expense - WEB SO : 275","14"
"7","Shipping Expense","Cash Payment - Shipping Expense - WEB SO : 280","13"
"7","Rental Expense","Cash Payment - Rental - Los Angeles","1080"
"7","Rental Expense","Cash Payment - Rental - New York","4020"
"7","Rental Expense","Cash Payment - Rental - Miami","1800"
"7","Rental Expense","Cash Payment - Rental - Detroit","1000"
"7","Rental Expense","Cash Payment - Rental - Chicago","1480"
"6","Human Resource Expense","Cash Payment - Staff Recruiting","15000"
"6","Salary Expense","Cash Payment - Salary Expense","20650"
"6","Shipping Expense","Cash Payment - Shipping Expense - WEB SO : 76","114"
"6","Shipping Expense","Cash Payment - Shipping Expense - WEB SO : 91","89"
"6","Shipping Expense","Cash Payment - Shipping Expense - WEB SO : 94","131"
"6","Shipping Expense","Cash Payment - Shipping Expense - WEB SO : 100","61"
"6","Shipping Expense","Cash Payment - Shipping Expense - WEB SO : 108","155"
"6","Shipping Expense","Cash Payment - Shipping Expense - WEB SO : 114","119"
"6","Shipping Expense","Cash Payment - Shipping Expense - WEB SO : 121","85"
"6","Shipping Expense","Cash Payment - Shipping Expense - WEB SO : 124","156"
"6","Shipping Expense","Cash Payment - Shipping Expense - WEB SO : 131","63"
"6","Shipping Expense","Cash Payment - Shipping Expense - WEB SO : 135","92"
"6","Shipping Expense","Cash Payment - Shipping Expense - WEB SO : 139","63"
"6","Shipping Expense","Cash Payment - Shipping Expense - WEB SO : 150","132"
"6","Shipping Expense","Cash Payment - Shipping Expense - WEB SO : 153","17"
"6","Shipping Expense","Cash Payment - Shipping Expense - WEB SO : 202","22"
"6","Shipping Expense","Cash Payment - Shipping Expense - WEB SO : 205","92"
"6","Shipping Expense","Cash Payment - Shipping Expense - WEB SO : 233","74"
"6","Interest Expense ","Cash Payment - Interest - For Overdraft","3082"
"6","Rental Expense","Cash Payment - Rental - Los Angeles","1080"
"6","Rental Expense","Cash Payment - Rental - New York","4020"
"6","Rental Expense","Cash Payment - Rental - Miami","1800"
"6","Rental Expense","Cash Payment - Rental - Detroit","1000"
"6","Rental Expense","Cash Payment - Rental - Chicago","1480"
"5","Human Resource Expense","Cash Payment - Staff Recruiting","15000"
"5","Human Resource Expense","Attended Training","15000"
"5","Salary Expense","Cash Payment - Salary Expense","20300"
"5","Interest Expense ","Cash Payment - Interest - For Overdraft","2055"
"5","Rental Expense","Cash Payment - Rental - Los Angeles","1080"
"5","Rental Expense","Cash Payment - Rental - New York","4020"
"5","Rental Expense","Cash Payment - Rental - Miami","1800"
"5","Rental Expense","Cash Payment - Rental - Detroit","1000"
"5","Rental Expense","Cash Payment - Rental - Chicago","1480"
"4","Human Resource Expense","Cash Payment - Staff Recruiting","15000"
"4","Human Resource Expense","Counselled","2000"
"4","Salary Expense","Cash Payment - Salary Expense","19950"
"4","Interest Expense ","Cash Payment - Interest - For Overdraft","2055"
"4","Rental Expense","Cash Payment - Rental - Los Angeles","1080"
"4","Rental Expense","Cash Payment - Rental - New York","4020"
"4","Rental Expense","Cash Payment - Rental - Miami","1800"
"4","Rental Expense","Cash Payment - Rental - Detroit","1000"
"4","Rental Expense","Cash Payment - Rental - Chicago","1480"
"3","Salary Expense","Cash Payment - Salary Expense","19600"
"3","Rental Expense","Cash Payment - Rental - Los Angeles","1080"
"3","Rental Expense","Cash Payment - Rental - New York","4020"
"3","Rental Expense","Cash Payment - Rental - Miami","1800"
"3","Rental Expense","Cash Payment - Rental - Detroit","1000"
"3","Rental Expense","Cash Payment - Rental - Chicago","1480"
"2","Human Resource Expense","Cash Payment - Staff Recruiting - Los Angeles","60000"
"2","Human Resource Expense","Cash Payment - Staff Recruiting - New York","60000"
"2","Human Resource Expense","Cash Payment - Staff Recruiting - Miami","60000"
"2","Human Resource Expense","Cash Payment - Staff Recruiting - Detroit","60000"
"2","Human Resource Expense","Cash Payment - Staff Recruiting - Chicago","60000"
"2","Salary Expense","Cash Payment - Salary Expense","19600"
"2","Rental Expense","Cash Payment - Rental - Los Angeles","1080"
"2","Rental Expense","Cash Payment - Rental - New York","4020"
"2","Rental Expense","Cash Payment - Rental - Miami","1800"
"2","Rental Expense","Cash Payment - Rental - Detroit","1000"
"2","Rental Expense","Cash Payment - Rental - Chicago","1480"
"1","Salary Expense","Cash Payment - Salary Expense","12600"